1396698397_2684899689,that,0.967741935483871
1396698397_2684899689,do,0.967741935483871
1396698397_2684899689,been,0.967741935483871
405728790_2398245474,what,0.9523809523809523
330705266_2711961214,about,0.9375
330705266_2711961214,new,0.9375
1396698397_2684899689,what,0.935483870967742
139539038_163645988,are,0.9166666666666666
139539038_163645988,how,0.9166666666666666
139539038_163645988,miss,0.9166666666666666
1396698397_1328060750,need,0.9166666666666666
1396698397_1328060750,true,0.9166666666666666
363961928_99381112,back,0.9
363961928_99381112,little,0.9
363961928_99381112,wait,0.9
379408088_1604280403,me,0.9
379408088_1604280403,ready,0.9
405728790_2482534992,your,0.9
405728790_2482534992,if,0.9
405728790_68966191,it,0.9
405728790_68966191,wait,0.9
405728790_68966191,bed,0.9
163645988_139539038,be,0.8888888888888888
163645988_139539038,how,0.8888888888888888
1906234147_2419851452,these,0.8888888888888888
1906234147_2419851452,mind,0.8888888888888888
1906234147_2566565666,order,0.8888888888888888
308297673_139539038,the,0.8888888888888888
308297673_139539038,great,0.8888888888888888
308297673_139539038,so,0.8888888888888888
308297673_139539038,love,0.8888888888888888
1906234147_858126522,a,0.875
1906234147_858126522,that,0.875
1906234147_858126522,night,0.875
278328390_2225825663,with,0.875
278328390_2225825663,this,0.875
278328390_2225825663,new,0.875
330705266_2711961214,sing,0.875
379408088_484961764,follow,0.875
139539038_308297673,that,0.8666666666666667
1396698397_841076833,are,0.8571428571428572
1396698397_841076833,be,0.8571428571428572
1396698397_841076833,have,0.8571428571428572
1396698397_841076833,we,0.8571428571428572
1396698397_841076833,see,0.8571428571428572
1396698397_841076833,school,0.8571428571428572
379408088_1328060750,music,0.8571428571428572
403171568_110288084,just,0.8571428571428572
403171568_110288084,for,0.8571428571428572
403171568_110288084,they,0.8571428571428572
403171568_110288084,night,0.8571428571428572
330705266_1328060750,come,0.8461538461538461
1906234147_2744930975,I,0.8333333333333334
1906234147_2744930975,girl,0.8333333333333334
382402366_467781586,in,0.8333333333333334
382402366_467781586,it,0.8333333333333334
382402366_467781586,get,0.8333333333333334
405728790_1536302137,and,0.8333333333333334
405728790_1536302137,with,0.8333333333333334
405728790_1536302137,home,0.8333333333333334
405728790_1536302137,do,0.8333333333333334
405728790_1536302137,like,0.8333333333333334
405728790_1536302137,go,0.8333333333333334
405728790_1536302137,last,0.8333333333333334
1396698397_2684899689,love,0.8064516129032258
1088207396_841076833,to,0.8
1088207396_841076833,was,0.8
1088207396_841076833,for,0.8
1088207396_841076833,on,0.8
1088207396_841076833,be,0.8
1088207396_841076833,one,0.8
1088207396_841076833,this,0.8
1088207396_841076833,some,0.8
1088207396_841076833,what,0.8
1088207396_841076833,how,0.8
1088207396_841076833,about,0.8
1088207396_841076833,day,0.8
1088207396_841076833,my,0.8
1088207396_841076833,know,0.8
1088207396_841076833,food,0.8
1088207396_841076833,last,0.8
1088207396_841076833,year,0.8
1088207396_841076833,don't,0.8
1088207396_841076833,ever,0.8
139539038_308297673,my,0.8
278328390_467781586,have,0.8
363961928_99381112,the,0.8
363961928_99381112,go,0.8
382402366_2566565666,I,0.8
382402366_2566565666,miss,0.8
405728790_2482534992,the,0.8
405728790_2482534992,in,0.8
405728790_2825905798,bed,0.8
405728790_68966191,to,0.8
840897602_2419851452,be,0.8
1396698397_2482534992,just,0.75
1396698397_2482534992,it,0.75
1396698397_2482534992,was,0.75
1396698397_2482534992,are,0.75
1396698397_2482534992,but,0.75
1396698397_2482534992,day,0.75
1396698397_2482534992,people,0.75
1396698397_2482534992,thought,0.75
1396698397_2482534992,oh,0.75
163730859_2825905798,the,0.75
163730859_2825905798,in,0.75
163730859_858126522,the,0.75
163730859_858126522,in,0.75
308297673_841076833,of,0.75
308297673_841076833,in,0.75
308297673_841076833,are,0.75
308297673_841076833,be,0.75
308297673_841076833,how,0.75
308297673_841076833,again,0.75
308297673_841076833,am,0.75
330705266_1705991035,the,0.75
330705266_1705991035,to,0.75
330705266_1705991035,a,0.75
330705266_1705991035,is,0.75
330705266_1705991035,on,0.75
330705266_1705991035,be,0.75
330705266_1705991035,tell,0.75
330705266_1705991035,all,0.75
330705266_1705991035,earth,0.75
330705266_1705991035,my,0.75
330705266_1705991035,good,0.75
330705266_1705991035,love,0.75
330705266_1705991035,able,0.75
330705266_1705991035,sleep,0.75
330705266_1705991035,best,0.75
330705266_2519340408,I,0.75
330705266_2519340408,many,0.75
330705266_2566565666,be,0.75
330705266_2566565666,morning,0.75
1396698397_841076833,to,0.7142857142857143
1396698397_841076833,this,0.7142857142857143
403171568_110288084,a,0.7142857142857143
110288084_403171568,is,0.6666666666666667
139539038_308297673,a,0.6666666666666667
163730859_2398245474,to,0.6666666666666667
163730859_2541854413,is,0.6666666666666667
1705991035_841076833,simple,0.6666666666666667
1705991035_841076833,miss,0.6666666666666667
1906234147_1396698397,the,0.6666666666666667
1906234147_1396698397,in,0.6666666666666667
1906234147_379408088,you,0.6666666666666667
1906234147_379408088,so,0.6666666666666667
1906234147_379408088,love,0.6666666666666667
2541854413_403171568,a,0.6666666666666667
2541854413_403171568,are,0.6666666666666667
2541854413_403171568,his,0.6666666666666667
2541854413_403171568,all,0.6666666666666667
2541854413_403171568,their,0.6666666666666667
2541854413_403171568,off,0.6666666666666667
2541854413_403171568,should,0.6666666666666667
278328390_1705991035,the,0.6666666666666667
278328390_1705991035,just,0.6666666666666667
278328390_1705991035,you,0.6666666666666667
278328390_1705991035,that,0.6666666666666667
278328390_1705991035,he,0.6666666666666667
278328390_1705991035,with,0.6666666666666667
278328390_1705991035,I,0.6666666666666667
278328390_1705991035,his,0.6666666666666667
278328390_1705991035,but,0.6666666666666667
278328390_1705991035,all,0.6666666666666667
278328390_1705991035,do,0.6666666666666667
278328390_1705991035,see,0.6666666666666667
278328390_2541854413,to,0.6666666666666667
278328390_2541854413,just,0.6666666666666667
278328390_2541854413,that,0.6666666666666667
278328390_2541854413,want,0.6666666666666667
278328390_2541854413,know,0.6666666666666667
278328390_2541854413,love,0.6666666666666667
278328390_484961764,I,0.6666666666666667
278328390_484961764,have,0.6666666666666667
278328390_484961764,we,0.6666666666666667
278328390_484961764,any,0.6666666666666667
363961928_2582957044,a,0.6666666666666667
363961928_2582957044,in,0.6666666666666667
363961928_467781586,to,0.6666666666666667
363961928_484961764,have,0.6666666666666667
379408088_1906234147,I,0.6666666666666667
379408088_1906234147,still,0.6666666666666667
389238190_1536302137,for,0.6666666666666667
389238190_1536302137,half,0.6666666666666667
395706462_110288084,to,0.6666666666666667
395706462_110288084,a,0.6666666666666667
395706462_110288084,this,0.6666666666666667
395706462_110288084,had,0.6666666666666667
395706462_110288084,can,0.6666666666666667
395706462_110288084,use,0.6666666666666667
395706462_110288084,them,0.6666666666666667
395706462_110288084,us,0.6666666666666667
395706462_110288084,thing,0.6666666666666667
395706462_110288084,did,0.6666666666666667
395706462_110288084,my,0.6666666666666667
395706462_110288084,who,0.6666666666666667
395706462_110288084,let,0.6666666666666667
395706462_110288084,took,0.6666666666666667
405728790_1042042788,bed,0.6666666666666667
405728790_1042042788,morning,0.6666666666666667
405728790_2671372639,to,0.6666666666666667
405728790_2671372639,it,0.6666666666666667
405728790_2744930975,and,0.6666666666666667
405728790_2744930975,with,0.6666666666666667
405728790_2744930975,I,0.6666666666666667
405728790_2744930975,do,0.6666666666666667
405728790_2744930975,like,0.6666666666666667
405728790_2744930975,go,0.6666666666666667
405728790_2744930975,last,0.6666666666666667
405728790_484961764,I,0.6666666666666667
495074577_484961764,I,0.6666666666666667
495074577_484961764,follow,0.6666666666666667
495074577_484961764,am,0.6666666666666667
379408088_484961764,you,0.625
1088207396_841076833,I,0.6
1088207396_841076833,want,0.6
382402366_2566565666,was,0.6
405728790_68966191,you,0.6
55592183_363961928,right,0.6
1396698397_2482534992,I,0.5
1396698397_588004256,right,0.5
1396698397_588004256,like,0.5
1396698397_588004256,my,0.5
1396698397_588004256,now,0.5
1396698397_588004256,new,0.5
1396698397_588004256,good,0.5
1396698397_588004256,life,0.5
1396698397_588004256,song,0.5
163730859_1705991035,you,0.5
163730859_1705991035,young,0.5
163730859_68966191,at,0.5
1705991035_2541854413,is,0.5
1906234147_2519340408,you,0.5
1906234147_2519340408,I,0.5
1906234147_2519340408,love,0.5
278328390_163730859,we,0.5
278328390_588004256,and,0.5
278328390_588004256,just,0.5
278328390_588004256,a,0.5
278328390_588004256,for,0.5
278328390_588004256,I,0.5
278328390_588004256,want,0.5
278328390_588004256,out,0.5
278328390_588004256,good,0.5
330705266_1705991035,you,0.5
330705266_2448169998,of,0.5
330705266_2448169998,follow,0.5
330705266_30892730,to,0.5
330705266_55592183,your,0.5
330705266_55592183,now,0.5
363961928_1604280403,and,0.5
363961928_1604280403,on,0.5
363961928_1604280403,I,0.5
363961928_1906234147,I,0.5
363961928_1906234147,when,0.5
363961928_1906234147,my,0.5
363961928_1906234147,people,0.5
363961928_1906234147,take,0.5
363961928_326492577,and,0.5
379408088_2225825663,how,0.5
379408088_492677346,I,0.5
379408088_492677346,love,0.5
47846709_99381112,and,0.5
47846709_99381112,you,0.5
47846709_99381112,I,0.5
47846709_99381112,this,0.5
47846709_99381112,when,0.5
47846709_99381112,follow,0.5
47846709_99381112,will,0.5
47846709_99381112,like,0.5
47846709_99381112,feel,0.5
840897602_1705991035,to,0.5
840897602_1705991035,too,0.5
840897602_1705991035,picture,0.5
840897602_1705991035,long,0.5
840897602_1705991035,take,0.5
330705266_2711961214,follow,0.4375
330705266_2711961214,love,0.4375
1396698397_2684899689,to,0.43548387096774194
139539038_308297673,are,0.43333333333333335
363961928_1729841617,you,0.4166666666666667
163645988_139539038,who,0.3888888888888889
1906234147_2419851452,to,0.3888888888888889
1906234147_2419851452,be,0.3888888888888889
1906234147_2419851452,how,0.3888888888888889
1906234147_2419851452,if,0.3888888888888889
308297673_139539038,is,0.3888888888888889
1396698397_841076833,me,0.38095238095238093
1906234147_858126522,me,0.375
330705266_467781586,love,0.35714285714285715
363961928_2419851452,me,0.35714285714285715
379408088_1328060750,you,0.35714285714285715
403171568_110288084,is,0.35714285714285715
363961928_99381112,to,0.35
1396698397_1604280403,of,0.33333333333333337
1396698397_1604280403,it,0.33333333333333337
1396698397_1604280403,that,0.33333333333333337
1396698397_1604280403,boy,0.33333333333333337
1396698397_1604280403,out,0.33333333333333337
1396698397_1604280403,way,0.33333333333333337
1396698397_1604280403,my,0.33333333333333337
1396698397_1604280403,keep,0.33333333333333337
1396698397_1604280403,get,0.33333333333333337
1396698397_467781586,you,0.33333333333333337
1705991035_841076833,and,0.33333333333333337
1705991035_841076833,your,0.33333333333333337
1906234147_1396698397,to,0.33333333333333337
1906234147_2566565666,you,0.33333333333333337
1906234147_379408088,me,0.33333333333333337
278328390_1705991035,a,0.33333333333333337
278328390_1705991035,in,0.33333333333333337
278328390_484961764,the,0.33333333333333337
379408088_1906234147,you,0.33333333333333337
379408088_1906234147,love,0.33333333333333337
395706462_110288084,you,0.33333333333333337
395706462_110288084,with,0.33333333333333337
395706462_110288084,know,0.33333333333333337
1396698397_841076833,you,0.32142857142857145
330705266_2711961214,a,0.3125
330705266_2711961214,me,0.3125
1396698397_2684899689,it,0.30107526881720426
1088207396_2419851452,I,0.3
1088207396_68966191,was,0.3
163730859_1729841617,love,0.3
363961928_99381112,a,0.3
363961928_99381112,for,0.3
382402366_2566565666,a,0.3
382402366_2566565666,my,0.3
1906234147_2419851452,in,0.2777777777777778
1906234147_2419851452,I,0.2777777777777778
1396698397_2482534992,a,0.25
163730859_858126522,to,0.25
163730859_858126522,we,0.25
163730859_858126522,come,0.25
163730859_858126522,should,0.25
308297673_841076833,to,0.25
308297673_841076833,you,0.25
308297673_841076833,I,0.25
308297673_841076833,all,0.25
330705266_2566565666,me,0.25
405728790_1729841617,do,0.2333333333333333
163730859_1604280403,to,0.20833333333333331
163730859_1604280403,come,0.20833333333333331
1906234147_858126522,this,0.20833333333333331
330705266_2711961214,to,0.20833333333333331
379408088_484961764,free,0.20833333333333331
405728790_2398245474,want,0.20238095238095238
405728790_2482534992,I,0.2
405728790_1604280403,you,0.19999999999999996
1906234147_1328060750,me,0.19047619047619047
1396698397_2684899689,are,0.18548387096774194
330705266_1328060750,me,0.17948717948717946
1396698397_2684899689,I,0.17121588089330025
1088207396_467781586,I,0.16666666666666669
1705991035_841076833,the,0.16666666666666669
1906234147_2744930975,me,0.16666666666666669
278328390_2541854413,you,0.16666666666666669
278328390_484961764,in,0.16666666666666669
308297673_139539038,a,0.16666666666666669
363961928_484961764,on,0.16666666666666669
395706462_110288084,I,0.16666666666666669
395706462_110288084,or,0.16666666666666669
395706462_110288084,get,0.16666666666666669
382402366_467781586,to,0.16666666666666666
382402366_467781586,a,0.16666666666666666
163730859_1729841617,I,0.1333333333333333
379408088_1604280403,to,0.1333333333333333
139539038_308297673,the,0.11666666666666667
1396698397_2684899689,you,0.11290322580645162
163645988_139539038,a,0.1111111111111111
1906234147_2419851452,the,0.1111111111111111
1906234147_2419851452,can,0.1111111111111111
139539038_308297673,I,0.09999999999999998
405728790_1604280403,I,0.09999999999999998
840897602_2419851452,to,0.09999999999999998
840897602_2419851452,I,0.09999999999999998
1396698397_2684899689,and,0.09274193548387097
363961928_99381112,I,0.08571428571428569
308297673_841076833,my,0.08333333333333331
1906234147_2419851452,you,0.05555555555555558
278328390_2225825663,in,0.01785714285714285
1088207396_1729841617,a,0.0
1088207396_1729841617,I,0.0
1088207396_1729841617,no,0.0
1088207396_1729841617,got,0.0
1088207396_2419851452,a,0.0
1088207396_2419851452,in,0.0
1088207396_2419851452,this,0.0
1088207396_2419851452,follow,0.0
1088207396_2419851452,more,0.0
1088207396_2419851452,come,0.0
1088207396_2419851452,did,0.0
1088207396_2419851452,people,0.0
1088207396_2419851452,where,0.0
1088207396_2419851452,while,0.0
1088207396_2419851452,got,0.0
1088207396_2419851452,done,0.0
1088207396_326492577,the,0.0
1088207396_326492577,a,0.0
1088207396_326492577,day,0.0
1088207396_467781586,to,0.0
1088207396_467781586,just,0.0
1088207396_467781586,is,0.0
1088207396_467781586,that,0.0
1088207396_467781586,for,0.0
1088207396_467781586,or,0.0
1088207396_467781586,but,0.0
1088207396_467781586,what,0.0
1088207396_467781586,up,0.0
1088207396_467781586,am,0.0
1088207396_484961764,to,0.0
1088207396_484961764,it,0.0
1088207396_484961764,you,0.0
1088207396_484961764,this,0.0
1088207396_484961764,want,0.0
1088207396_484961764,if,0.0
1088207396_484961764,who,0.0
1088207396_484961764,keep,0.0
1088207396_484961764,me,0.0
1088207396_484961764,give,0.0
1088207396_484961764,sure,0.0
1088207396_68966191,for,0.0
1088207396_68966191,so,0.0
1088207396_68966191,these,0.0
1088207396_68966191,next,0.0
110288084_2398245474,to,0.0
110288084_2398245474,with,0.0
110288084_2398245474,be,0.0
110288084_2398245474,here,0.0
110288084_2398245474,us,0.0
110288084_395706462,but,0.0
110288084_395706462,can,0.0
110288084_395706462,back,0.0
110288084_395706462,me,0.0
110288084_403171568,more,0.0
110288084_403171568,than,0.0
110288084_403171568,any,0.0
139539038_1396698397,the,0.0
139539038_1396698397,off,0.0
139539038_1396698397,last,0.0
139539038_163645988,of,0.0
139539038_163645988,is,0.0
139539038_163645988,great,0.0
139539038_163645988,it,0.0
139539038_163645988,say,0.0
139539038_163645988,on,0.0
139539038_163645988,or,0.0
139539038_163645988,what,0.0
139539038_163645988,when,0.0
139539038_163645988,act,0.0
139539038_163645988,like,0.0
139539038_163645988,so,0.0
139539038_163645988,my,0.0
139539038_163645988,who,0.0
139539038_163645988,get,0.0
139539038_163645988,place,0.0
139539038_163645988,me,0.0
139539038_163645988,main,0.0
139539038_163645988,beauty,0.0
139539038_163645988,better,0.0
139539038_278328390,the,0.0
139539038_278328390,are,0.0
139539038_278328390,come,0.0
139539038_278328390,me,0.0
139539038_308297673,of,0.0
139539038_308297673,very,0.0
139539038_308297673,and,0.0
139539038_308297673,for,0.0
139539038_308297673,they,0.0
139539038_308297673,too,0.0
139539038_308297673,this,0.0
139539038_308297673,or,0.0
139539038_308297673,but,0.0
139539038_308297673,how,0.0
139539038_308297673,here,0.0
139539038_308297673,off,0.0
139539038_308297673,her,0.0
139539038_308297673,day,0.0
139539038_308297673,go,0.0
139539038_308297673,who,0.0
139539038_308297673,still,0.0
139539038_308297673,first,0.0
139539038_308297673,eye,0.0
139539038_308297673,new,0.0
139539038_308297673,work,0.0
139539038_308297673,back,0.0
139539038_308297673,while,0.0
139539038_308297673,eat,0.0
139539038_308297673,gave,0.0
139539038_308297673,behind,0.0
139539038_308297673,black,0.0
139539038_308297673,early,0.0
139539038_308297673,miss,0.0
139539038_467781586,a,0.0
139539038_467781586,in,0.0
139539038_467781586,help,0.0
139539038_467781586,I,0.0
139539038_467781586,have,0.0
139539038_467781586,this,0.0
139539038_467781586,or,0.0
139539038_467781586,get,0.0
139539038_467781586,don't,0.0
139539038_467781586,good,0.0
139539038_467781586,always,0.0
139539038_467781586,idea,0.0
139539038_467781586,am,0.0
139539038_467781586,interest,0.0
1396698397_129859603,of,0.0
1396698397_129859603,just,0.0
1396698397_129859603,you,0.0
1396698397_129859603,had,0.0
1396698397_129859603,we,0.0
1396698397_129859603,all,0.0
1396698397_129859603,big,0.0
1396698397_129859603,act,0.0
1396698397_129859603,off,0.0
1396698397_129859603,like,0.0
1396698397_129859603,our,0.0
1396698397_129859603,got,0.0
1396698397_1328060750,of,0.0
1396698397_1328060750,in,0.0
1396698397_1328060750,for,0.0
1396698397_1328060750,are,0.0
1396698397_1328060750,I,0.0
1396698397_1328060750,they,0.0
1396698397_1328060750,right,0.0
1396698397_1328060750,too,0.0
1396698397_1328060750,do,0.0
1396698397_1328060750,time,0.0
1396698397_1328060750,if,0.0
1396698397_1328060750,us,0.0
1396698397_1328060750,most,0.0
1396698397_1328060750,who,0.0
1396698397_1328060750,know,0.0
1396698397_1328060750,last,0.0
1396698397_1328060750,might,0.0
1396698397_1328060750,far,0.0
1396698397_1328060750,back,0.0
1396698397_1328060750,year,0.0
1396698397_1328060750,don't,0.0
1396698397_1328060750,show,0.0
1396698397_1328060750,me,0.0
1396698397_1328060750,together,0.0
1396698397_1328060750,got,0.0
1396698397_1328060750,care,0.0
1396698397_1328060750,lead,0.0
1396698397_1328060750,face,0.0
1396698397_1328060750,front,0.0
1396698397_1328060750,ready,0.0
1396698397_1328060750,though,0.0
1396698397_1328060750,stay,0.0
1396698397_1536302137,people,0.0
1396698397_1604280403,the,0.0
1396698397_1604280403,to,0.0
1396698397_1604280403,through,0.0
1396698397_1604280403,and,0.0
1396698397_1604280403,up,0.0
1396698397_1604280403,down,0.0
1396698397_1729841617,to,0.0
1396698397_1729841617,all,0.0
1396698397_1729841617,them,0.0
1396698397_1729841617,see,0.0
1396698397_1729841617,hard,0.0
1396698397_1906234147,I,0.0
1396698397_1906234147,do,0.0
1396698397_2398245474,to,0.0
1396698397_2398245474,people,0.0
1396698397_2398245474,real,0.0
1396698397_2429604951,the,0.0
1396698397_2429604951,a,0.0
1396698397_2429604951,in,0.0
1396698397_2429604951,you,0.0
1396698397_2429604951,with,0.0
1396698397_2429604951,I,0.0
1396698397_2429604951,does,0.0
1396698397_2429604951,do,0.0
1396698397_2482534992,the,0.0
1396698397_2482534992,to,0.0
1396698397_2482534992,in,0.0
1396698397_2482534992,has,0.0
1396698397_2482534992,last,0.0
1396698397_2482534992,real,0.0
1396698397_2482534992,life,0.0
1396698397_2482534992,done,0.0
1396698397_2482534992,week,0.0
1396698397_2541854413,and,0.0
1396698397_2541854413,is,0.0
1396698397_2541854413,free,0.0
1396698397_2566565666,ready,0.0
1396698397_2566565666,though,0.0
1396698397_2609837026,you,0.0
1396698397_2609837026,right,0.0
1396698397_2609837026,or,0.0
1396698397_2609837026,your,0.0
1396698397_2609837026,need,0.0
1396698397_2609837026,more,0.0
1396698397_2609837026,than,0.0
1396698397_2609837026,me,0.0
1396698397_2609837026,girl,0.0
1396698397_2684899689,of,0.0
1396698397_2684899689,very,0.0
1396698397_2684899689,just,0.0
1396698397_2684899689,in,0.0
1396698397_2684899689,think,0.0
1396698397_2684899689,for,0.0
1396698397_2684899689,on,0.0
1396698397_2684899689,with,0.0
1396698397_2684899689,as,0.0
1396698397_2684899689,old,0.0
1396698397_2684899689,have,0.0
1396698397_2684899689,this,0.0
1396698397_2684899689,had,0.0
1396698397_2684899689,some,0.0
1396698397_2684899689,we,0.0
1396698397_2684899689,home,0.0
1396698397_2684899689,all,0.0
1396698397_2684899689,up,0.0
1396698397_2684899689,even,0.0
1396698397_2684899689,if,0.0
1396698397_2684899689,many,0.0
1396698397_2684899689,off,0.0
1396698397_2684899689,them,0.0
1396698397_2684899689,need,0.0
1396698397_2684899689,would,0.0
1396698397_2684899689,house,0.0
1396698397_2684899689,like,0.0
1396698397_2684899689,us,0.0
1396698397_2684899689,see,0.0
1396698397_2684899689,own,0.0
1396698397_2684899689,go,0.0
1396698397_2684899689,my,0.0
1396698397_2684899689,most,0.0
1396698397_2684899689,over,0.0
1396698397_2684899689,know,0.0
1396698397_2684899689,four,0.0
1396698397_2684899689,people,0.0
1396698397_2684899689,never,0.0
1396698397_2684899689,now,0.0
1396698397_2684899689,new,0.0
1396698397_2684899689,place,0.0
1396698397_2684899689,little,0.0
1396698397_2684899689,year,0.0
1396698397_2684899689,me,0.0
1396698397_2684899689,together,0.0
1396698397_2684899689,got,0.0
1396698397_2684899689,walk,0.0
1396698397_2684899689,took,0.0
1396698397_2684899689,eat,0.0
1396698397_2684899689,fish,0.0
1396698397_2684899689,rest,0.0
1396698397_2684899689,enough,0.0
1396698397_2684899689,ready,0.0
1396698397_2684899689,body,0.0
1396698397_2684899689,leave,0.0
1396698397_2684899689,whole,0.0
1396698397_2684899689,best,0.0
1396698397_324420103,and,0.0
1396698397_324420103,you,0.0
1396698397_324420103,that,0.0
1396698397_324420103,these,0.0
1396698397_324420103,more,0.0
1396698397_324420103,day,0.0
1396698397_324420103,no,0.0
1396698397_324420103,sleep,0.0
1396698397_467781586,are,0.0
1396698397_588004256,is,0.0
1396698397_68966191,in,0.0
1396698397_841076833,the,0.0
1396698397_841076833,and,0.0
1396698397_841076833,is,0.0
1396698397_841076833,on,0.0
1396698397_841076833,again,0.0
1396698397_841076833,make,0.0
1396698397_841076833,go,0.0
163645988_139539038,very,0.0
163645988_139539038,to,0.0
163645988_139539038,just,0.0
163645988_139539038,much,0.0
163645988_139539038,is,0.0
163645988_139539038,you,0.0
163645988_139539038,he,0.0
163645988_139539038,this,0.0
163645988_139539038,but,0.0
163645988_139539038,some,0.0
163645988_139539038,put,0.0
163645988_139539038,other,0.0
163645988_139539038,all,0.0
163645988_139539038,even,0.0
163645988_139539038,said,0.0
163645988_139539038,went,0.0
163645988_139539038,them,0.0
163645988_139539038,like,0.0
163645988_139539038,so,0.0
163645988_139539038,look,0.0
163645988_139539038,my,0.0
163645988_139539038,found,0.0
163645988_139539038,know,0.0
163645988_139539038,tree,0.0
163645988_139539038,made,0.0
163645988_139539038,don't,0.0
163645988_139539038,got,0.0
163645988_139539038,book,0.0
163645988_139539038,fall,0.0
163645988_139539038,record,0.0
163645988_139539038,am,0.0
163645988_139539038,miss,0.0
163645988_1536302137,the,0.0
163645988_1536302137,in,0.0
163645988_1536302137,that,0.0
163645988_1536302137,I,0.0
163645988_1536302137,out,0.0
163645988_1536302137,found,0.0
163645988_2398245474,the,0.0
163645988_2398245474,in,0.0
163645988_2398245474,that,0.0
163645988_2398245474,I,0.0
163645988_2398245474,out,0.0
163645988_2398245474,found,0.0
163645988_30495613,much,0.0
163645988_30495613,I,0.0
163645988_30495613,this,0.0
163645988_30495613,want,0.0
163645988_30495613,out,0.0
163645988_30495613,so,0.0
163645988_30495613,my,0.0
163645988_30495613,night,0.0
163730859_1604280403,that,0.0
163730859_1604280403,for,0.0
163730859_1604280403,are,0.0
163730859_1604280403,we,0.0
163730859_1604280403,should,0.0
163730859_1604280403,next,0.0
163730859_1631064974,the,0.0
163730859_1631064974,and,0.0
163730859_1631064974,just,0.0
163730859_1631064974,a,0.0
163730859_1631064974,in,0.0
163730859_1631064974,is,0.0
163730859_1631064974,for,0.0
163730859_1631064974,up,0.0
163730859_1631064974,such,0.0
163730859_1631064974,make,0.0
163730859_1631064974,him,0.0
163730859_1631064974,look,0.0
163730859_1631064974,get,0.0
163730859_1631064974,those,0.0
163730859_1631064974,sure,0.0
163730859_1705991035,of,0.0
163730859_1705991035,and,0.0
163730859_1705991035,a,0.0
163730859_1705991035,he,0.0
163730859_1705991035,for,0.0
163730859_1705991035,on,0.0
163730859_1705991035,right,0.0
163730859_1705991035,him,0.0
163730859_1705991035,more,0.0
163730859_1705991035,now,0.0
163730859_1705991035,real,0.0
163730859_1729841617,the,0.0
163730859_1729841617,name,0.0
163730859_1729841617,of,0.0
163730859_1729841617,a,0.0
163730859_1729841617,is,0.0
163730859_1729841617,it,0.0
163730859_1729841617,are,0.0
163730859_1729841617,as,0.0
163730859_1729841617,one,0.0
163730859_1729841617,all,0.0
163730859_1729841617,when,0.0
163730859_1729841617,an,0.0
163730859_1729841617,such,0.0
163730859_1729841617,do,0.0
163730859_1729841617,about,0.0
163730859_1729841617,off,0.0
163730859_1729841617,see,0.0
163730859_1729841617,last,0.0
163730859_1729841617,city,0.0
163730859_1729841617,get,0.0
163730859_1729841617,our,0.0
163730859_1729841617,person,0.0
163730859_1906234147,and,0.0
163730859_1906234147,just,0.0
163730859_1906234147,a,0.0
163730859_1906234147,you,0.0
163730859_1906234147,up,0.0
163730859_1906234147,an,0.0
163730859_1906234147,if,0.0
163730859_1906234147,talk,0.0
163730859_1906234147,behind,0.0
163730859_2398245474,the,0.0
163730859_2398245474,are,0.0
163730859_2398245474,one,0.0
163730859_2398245474,an,0.0
163730859_2398245474,do,0.0
163730859_2398245474,last,0.0
163730859_2398245474,our,0.0
163730859_2398245474,open,0.0
163730859_2398245474,always,0.0
163730859_2419851452,in,0.0
163730859_2419851452,I,0.0
163730859_2419851452,right,0.0
163730859_2419851452,now,0.0
163730859_2419851452,am,0.0
163730859_2482534992,to,0.0
163730859_2482534992,just,0.0
163730859_2482534992,a,0.0
163730859_2482534992,think,0.0
163730859_2482534992,as,0.0
163730859_2482534992,I,0.0
163730859_2482534992,such,0.0
163730859_2482534992,them,0.0
163730859_2482534992,make,0.0
163730859_2482534992,thing,0.0
163730859_2482534992,people,0.0
163730859_2482534992,don't,0.0
163730859_2541854413,to,0.0
163730859_2541854413,we,0.0
163730859_2541854413,has,0.0
163730859_2541854413,come,0.0
163730859_2541854413,should,0.0
163730859_2566565666,a,0.0
163730859_2566565666,in,0.0
163730859_2566565666,with,0.0
163730859_2566565666,love,0.0
163730859_2605929432,I,0.0
163730859_2825905798,for,0.0
163730859_2825905798,I,0.0
163730859_2825905798,have,0.0
163730859_2825905798,so,0.0
163730859_2825905798,late,0.0
163730859_2825905798,next,0.0
163730859_467781586,the,0.0
163730859_467781586,to,0.0
163730859_467781586,you,0.0
163730859_467781586,want,0.0
163730859_467781586,get,0.0
163730859_467781586,idea,0.0
163730859_484961764,I,0.0
163730859_68966191,the,0.0
163730859_68966191,think,0.0
163730859_68966191,you,0.0
163730859_68966191,on,0.0
163730859_68966191,we,0.0
163730859_68966191,can,0.0
163730859_68966191,do,0.0
163730859_68966191,many,0.0
163730859_68966191,get,0.0
163730859_858126522,a,0.0
163730859_858126522,took,0.0
1705991035_107030164,if,0.0
1705991035_107030164,my,0.0
1705991035_107030164,story,0.0
1705991035_1088207396,of,0.0
1705991035_1088207396,and,0.0
1705991035_1088207396,love,0.0
1705991035_1088207396,both,0.0
1705991035_1906234147,to,0.0
1705991035_1906234147,that,0.0
1705991035_1906234147,with,0.0
1705991035_1906234147,this,0.0
1705991035_1906234147,need,0.0
1705991035_1906234147,again,0.0
1705991035_1906234147,who,0.0
1705991035_2398245474,you,0.0
1705991035_2398245474,with,0.0
1705991035_2398245474,one,0.0
1705991035_2398245474,have,0.0
1705991035_2398245474,did,0.0
1705991035_2398245474,my,0.0
1705991035_2398245474,first,0.0
1705991035_2398245474,second,0.0
1705991035_2541854413,the,0.0
1705991035_2541854413,a,0.0
1705991035_2541854413,was,0.0
1705991035_2541854413,on,0.0
1705991035_2541854413,with,0.0
1705991035_2541854413,this,0.0
1705991035_2541854413,many,0.0
1705991035_2541854413,off,0.0
1705991035_2541854413,thing,0.0
1705991035_2541854413,took,0.0
1705991035_2541854413,week,0.0
1705991035_2541854413,ever,0.0
1705991035_2541854413,best,0.0
1705991035_30892730,to,0.0
1705991035_30892730,is,0.0
1705991035_30892730,it,0.0
1705991035_30892730,I,0.0
1705991035_30892730,this,0.0
1705991035_30892730,we,0.0
1705991035_30892730,when,0.0
1705991035_30892730,so,0.0
1705991035_30892730,again,0.0
1705991035_30892730,my,0.0
1705991035_30892730,get,0.0
1705991035_30892730,back,0.0
1705991035_403171568,to,0.0
1705991035_403171568,a,0.0
1705991035_403171568,if,0.0
1705991035_403171568,like,0.0
1705991035_403171568,make,0.0
1705991035_403171568,me,0.0
1705991035_467781586,there,0.0
1705991035_841076833,in,0.0
1705991035_841076833,he,0.0
1705991035_841076833,was,0.0
1705991035_841076833,I,0.0
1705991035_841076833,this,0.0
1705991035_841076833,need,0.0
1705991035_841076833,like,0.0
1705991035_841076833,day,0.0
1705991035_841076833,my,0.0
1705991035_841076833,life,0.0
1705991035_841076833,told,0.0
1705991035_841076833,remember,0.0
1729841617_1328060750,follow,0.0
1729841617_1328060750,my,0.0
1906234147_1088207396,in,0.0
1906234147_1088207396,year,0.0
1906234147_1088207396,ago,0.0
1906234147_1328060750,to,0.0
1906234147_1328060750,think,0.0
1906234147_1328060750,you,0.0
1906234147_1328060750,that,0.0
1906234147_1328060750,I,0.0
1906234147_1328060750,does,0.0
1906234147_1328060750,this,0.0
1906234147_1328060750,do,0.0
1906234147_1328060750,if,0.0
1906234147_1328060750,then,0.0
1906234147_1328060750,make,0.0
1906234147_1328060750,should,0.0
1906234147_1328060750,might,0.0
1906234147_1328060750,able,0.0
1906234147_1328060750,gave,0.0
1906234147_1396698397,of,0.0
1906234147_1396698397,is,0.0
1906234147_1396698397,it,0.0
1906234147_1396698397,on,0.0
1906234147_1396698397,what,0.0
1906234147_1396698397,even,0.0
1906234147_1396698397,how,0.0
1906234147_1396698397,head,0.0
1906234147_1396698397,know,0.0
1906234147_1396698397,man,0.0
1906234147_1396698397,year,0.0
1906234147_1396698397,don't,0.0
1906234147_1396698397,ago,0.0
1906234147_1396698397,travel,0.0
1906234147_1604280403,to,0.0
1906234147_1604280403,and,0.0
1906234147_1604280403,in,0.0
1906234147_1604280403,it,0.0
1906234147_1604280403,I,0.0
1906234147_1604280403,too,0.0
1906234147_1604280403,if,0.0
1906234147_1604280403,has,0.0
1906234147_1604280403,hard,0.0
1906234147_1604280403,told,0.0
1906234147_163730859,well,0.0
1906234147_163730859,day,0.0
1906234147_1705991035,my,0.0
1906234147_1705991035,next,0.0
1906234147_1729841617,the,0.0
1906234147_1729841617,of,0.0
1906234147_1729841617,and,0.0
1906234147_1729841617,a,0.0
1906234147_1729841617,is,0.0
1906234147_1729841617,you,0.0
1906234147_1729841617,was,0.0
1906234147_1729841617,cause,0.0
1906234147_1729841617,I,0.0
1906234147_1729841617,they,0.0
1906234147_1729841617,some,0.0
1906234147_1729841617,other,0.0
1906234147_1729841617,your,0.0
1906234147_1729841617,said,0.0
1906234147_1729841617,way,0.0
1906234147_1729841617,people,0.0
1906234147_1729841617,let,0.0
1906234147_1729841617,never,0.0
1906234147_1729841617,now,0.0
1906234147_1729841617,got,0.0
1906234147_1729841617,body,0.0
1906234147_1729841617,mind,0.0
1906234147_2398245474,they,0.0
1906234147_2398245474,have,0.0
1906234147_2398245474,from,0.0
1906234147_2398245474,what,0.0
1906234147_2398245474,so,0.0
1906234147_2398245474,good,0.0
1906234147_2398245474,music,0.0
1906234147_2398245474,both,0.0
1906234147_2398245474,heard,0.0
1906234147_2419851452,through,0.0
1906234147_2419851452,a,0.0
1906234147_2419851452,much,0.0
1906234147_2419851452,is,0.0
1906234147_2419851452,it,0.0
1906234147_2419851452,are,0.0
1906234147_2419851452,one,0.0
1906234147_2419851452,too,0.0
1906234147_2419851452,tell,0.0
1906234147_2419851452,from,0.0
1906234147_2419851452,or,0.0
1906234147_2419851452,hot,0.0
1906234147_2419851452,but,0.0
1906234147_2419851452,other,0.0
1906234147_2419851452,your,0.0
1906234147_2419851452,when,0.0
1906234147_2419851452,even,0.0
1906234147_2419851452,do,0.0
1906234147_2419851452,will,0.0
1906234147_2419851452,way,0.0
1906234147_2419851452,has,0.0
1906234147_2419851452,learn,0.0
1906234147_2419851452,know,0.0
1906234147_2419851452,let,0.0
1906234147_2419851452,new,0.0
1906234147_2419851452,me,0.0
1906234147_2419851452,person,0.0
1906234147_2419851452,body,0.0
1906234147_2419851452,told,0.0
1906234147_2419851452,listen,0.0
1906234147_2519340408,and,0.0
1906234147_2519340408,much,0.0
1906234147_2519340408,so,0.0
1906234147_2519340408,my,0.0
1906234147_2566565666,the,0.0
1906234147_2566565666,of,0.0
1906234147_2566565666,and,0.0
1906234147_2566565666,a,0.0
1906234147_2566565666,it,0.0
1906234147_2566565666,think,0.0
1906234147_2566565666,that,0.0
1906234147_2566565666,turn,0.0
1906234147_2566565666,I,0.0
1906234147_2566565666,from,0.0
1906234147_2566565666,or,0.0
1906234147_2566565666,want,0.0
1906234147_2566565666,what,0.0
1906234147_2566565666,we,0.0
1906234147_2566565666,out,0.0
1906234147_2566565666,all,0.0
1906234147_2566565666,up,0.0
1906234147_2566565666,how,0.0
1906234147_2566565666,an,0.0
1906234147_2566565666,if,0.0
1906234147_2566565666,about,0.0
1906234147_2566565666,then,0.0
1906234147_2566565666,would,0.0
1906234147_2566565666,so,0.0
1906234147_2566565666,us,0.0
1906234147_2566565666,these,0.0
1906234147_2566565666,make,0.0
1906234147_2566565666,has,0.0
1906234147_2566565666,my,0.0
1906234147_2566565666,know,0.0
1906234147_2566565666,than,0.0
1906234147_2566565666,people,0.0
1906234147_2566565666,never,0.0
1906234147_2566565666,get,0.0
1906234147_2566565666,got,0.0
1906234147_2566565666,until,0.0
1906234147_2566565666,watch,0.0
1906234147_2566565666,list,0.0
1906234147_2566565666,talk,0.0
1906234147_2566565666,mind,0.0
1906234147_2566565666,possible,0.0
1906234147_2744930975,the,0.0
1906234147_2744930975,you,0.0
1906234147_2744930975,have,0.0
1906234147_2744930975,from,0.0
1906234147_2744930975,if,0.0
1906234147_2744930975,more,0.0
1906234147_2744930975,should,0.0
1906234147_2744930975,no,0.0
1906234147_2744930975,than,0.0
1906234147_2744930975,any,0.0
1906234147_2744930975,talk,0.0
1906234147_278328390,in,0.0
1906234147_278328390,year,0.0
1906234147_278328390,ago,0.0
1906234147_2825905798,to,0.0
1906234147_2825905798,and,0.0
1906234147_2825905798,just,0.0
1906234147_2825905798,a,0.0
1906234147_2825905798,in,0.0
1906234147_2825905798,it,0.0
1906234147_2825905798,you,0.0
1906234147_2825905798,for,0.0
1906234147_2825905798,I,0.0
1906234147_2825905798,they,0.0
1906234147_2825905798,have,0.0
1906234147_2825905798,all,0.0
1906234147_2825905798,up,0.0
1906234147_2825905798,their,0.0
1906234147_2825905798,go,0.0
1906234147_2825905798,my,0.0
1906234147_2825905798,live,0.0
1906234147_2825905798,don't,0.0
1906234147_2825905798,life,0.0
1906234147_2825905798,watch,0.0
1906234147_2825905798,enough,0.0
1906234147_2825905798,list,0.0
1906234147_2825905798,stay,0.0
1906234147_2831619003,the,0.0
1906234147_2831619003,on,0.0
1906234147_2831619003,are,0.0
1906234147_2831619003,same,0.0
1906234147_2831619003,we,0.0
1906234147_2831619003,page,0.0
1906234147_326492577,the,0.0
1906234147_326492577,of,0.0
1906234147_326492577,is,0.0
1906234147_326492577,your,0.0
1906234147_326492577,color,0.0
1906234147_363961928,the,0.0
1906234147_363961928,of,0.0
1906234147_363961928,in,0.0
1906234147_363961928,say,0.0
1906234147_363961928,on,0.0
1906234147_363961928,mean,0.0
1906234147_363961928,they,0.0
1906234147_363961928,be,0.0
1906234147_363961928,from,0.0
1906234147_363961928,or,0.0
1906234147_363961928,also,0.0
1906234147_363961928,said,0.0
1906234147_363961928,don't,0.0
1906234147_363961928,life,0.0
1906234147_363961928,best,0.0
1906234147_363961928,heat,0.0
1906234147_379408088,the,0.0
1906234147_379408088,to,0.0
1906234147_379408088,and,0.0
1906234147_379408088,just,0.0
1906234147_379408088,in,0.0
1906234147_379408088,think,0.0
1906234147_379408088,be,0.0
1906234147_379408088,tell,0.0
1906234147_379408088,want,0.0
1906234147_379408088,all,0.0
1906234147_379408088,here,0.0
1906234147_379408088,know,0.0
1906234147_379408088,don't,0.0
1906234147_379408088,life,0.0
1906234147_467781586,just,0.0
1906234147_467781586,a,0.0
1906234147_467781586,mean,0.0
1906234147_467781586,his,0.0
1906234147_467781586,does,0.0
1906234147_467781586,this,0.0
1906234147_467781586,well,0.0
1906234147_467781586,were,0.0
1906234147_467781586,about,0.0
1906234147_467781586,house,0.0
1906234147_467781586,make,0.0
1906234147_467781586,see,0.0
1906234147_467781586,more,0.0
1906234147_467781586,did,0.0
1906234147_467781586,know,0.0
1906234147_467781586,than,0.0
1906234147_467781586,give,0.0
1906234147_467781586,those,0.0
1906234147_467781586,talk,0.0
1906234147_467781586,song,0.0
1906234147_467781586,lot,0.0
1906234147_68966191,the,0.0
1906234147_68966191,of,0.0
1906234147_68966191,I,0.0
1906234147_68966191,all,0.0
1906234147_68966191,when,0.0
1906234147_68966191,time,0.0
1906234147_68966191,people,0.0
1906234147_68966191,only,0.0
1906234147_68966191,me,0.0
1906234147_68966191,love,0.0
1906234147_858126522,the,0.0
1906234147_858126522,of,0.0
1906234147_858126522,to,0.0
1906234147_858126522,and,0.0
1906234147_858126522,is,0.0
1906234147_858126522,it,0.0
1906234147_858126522,for,0.0
1906234147_858126522,on,0.0
1906234147_858126522,are,0.0
1906234147_858126522,be,0.0
1906234147_858126522,at,0.0
1906234147_858126522,too,0.0
1906234147_858126522,all,0.0
1906234147_858126522,if,0.0
1906234147_858126522,like,0.0
1906234147_858126522,so,0.0
1906234147_858126522,make,0.0
1906234147_858126522,has,0.0
1906234147_858126522,should,0.0
1906234147_858126522,over,0.0
1906234147_858126522,take,0.0
1906234147_858126522,might,0.0
1906234147_858126522,back,0.0
1906234147_858126522,good,0.0
1906234147_858126522,together,0.0
1906234147_858126522,those,0.0
1906234147_858126522,able,0.0
1906234147_858126522,beauty,0.0
1906234147_858126522,told,0.0
2398245474_405728790,that,0.0
2398245474_405728790,I,0.0
2398245474_405728790,but,0.0
2398245474_405728790,can,0.0
2398245474_405728790,even,0.0
2398245474_405728790,act,0.0
2398245474_405728790,did,0.0
278328390_1042042788,I,0.0
278328390_1042042788,love,0.0
278328390_129859603,a,0.0
278328390_129859603,it,0.0
278328390_129859603,I,0.0
278328390_129859603,out,0.0
278328390_129859603,up,0.0
278328390_129859603,go,0.0
278328390_129859603,now,0.0
278328390_129859603,new,0.0
278328390_129859603,give,0.0
278328390_129859603,check,0.0
278328390_1604280403,to,0.0
278328390_1604280403,a,0.0
278328390_1604280403,you,0.0
278328390_1604280403,I,0.0
278328390_1604280403,have,0.0
278328390_1604280403,come,0.0
278328390_1604280403,back,0.0
278328390_1604280403,miss,0.0
278328390_163730859,the,0.0
278328390_163730859,to,0.0
278328390_163730859,and,0.0
278328390_163730859,in,0.0
278328390_163730859,it,0.0
278328390_163730859,that,0.0
278328390_163730859,for,0.0
278328390_163730859,I,0.0
278328390_163730859,up,0.0
278328390_163730859,know,0.0
278328390_163730859,get,0.0
278328390_163730859,back,0.0
278328390_163730859,me,0.0
278328390_163730859,got,0.0
278328390_163730859,group,0.0
278328390_163730859,ready,0.0
278328390_163730859,morning,0.0
278328390_1876508618,to,0.0
278328390_1876508618,you,0.0
278328390_1876508618,want,0.0
278328390_1876508618,if,0.0
278328390_1876508618,together,0.0
278328390_1906234147,the,0.0
278328390_1906234147,just,0.0
278328390_1906234147,same,0.0
278328390_1906234147,I,0.0
278328390_1906234147,at,0.0
278328390_1906234147,time,0.0
278328390_1906234147,both,0.0
278328390_2225825663,the,0.0
278328390_2225825663,have,0.0
278328390_2225825663,we,0.0
278328390_2225825663,any,0.0
278328390_2541854413,the,0.0
278328390_2541854413,of,0.0
278328390_2541854413,a,0.0
278328390_2541854413,is,0.0
278328390_2541854413,think,0.0
278328390_2541854413,on,0.0
278328390_2541854413,with,0.0
278328390_2541854413,I,0.0
278328390_2541854413,have,0.0
278328390_2541854413,like,0.0
278328390_2541854413,us,0.0
278328390_2541854413,more,0.0
278328390_2541854413,than,0.0
278328390_2541854413,between,0.0
278328390_2541854413,feel,0.0
278328390_2566565666,in,0.0
278328390_2566565666,with,0.0
278328390_2566565666,this,0.0
278328390_2566565666,new,0.0
278328390_2570770026,a,0.0
278328390_2570770026,for,0.0
278328390_2570770026,follow,0.0
278328390_2652746424,hard,0.0
278328390_2735483045,a,0.0
278328390_2735483045,for,0.0
278328390_2735483045,his,0.0
278328390_2735483045,follow,0.0
278328390_2735483045,who,0.0
278328390_2825905798,I,0.0
278328390_2825905798,all,0.0
278328390_2825905798,like,0.0
278328390_2825905798,start,0.0
278328390_2825905798,feel,0.0
278328390_326492577,a,0.0
278328390_326492577,I,0.0
278328390_326492577,tell,0.0
278328390_326492577,do,0.0
278328390_326492577,like,0.0
278328390_326492577,her,0.0
278328390_379408088,the,0.0
278328390_379408088,and,0.0
278328390_379408088,just,0.0
278328390_379408088,in,0.0
278328390_379408088,you,0.0
278328390_379408088,on,0.0
278328390_379408088,with,0.0
278328390_379408088,at,0.0
278328390_379408088,came,0.0
278328390_382402366,the,0.0
278328390_382402366,to,0.0
278328390_382402366,and,0.0
278328390_382402366,just,0.0
278328390_382402366,in,0.0
278328390_382402366,it,0.0
278328390_382402366,you,0.0
278328390_382402366,for,0.0
278328390_382402366,I,0.0
278328390_382402366,be,0.0
278328390_382402366,this,0.0
278328390_382402366,want,0.0
278328390_382402366,but,0.0
278328390_382402366,when,0.0
278328390_382402366,if,0.0
278328390_382402366,about,0.0
278328390_382402366,like,0.0
278328390_382402366,make,0.0
278328390_382402366,world,0.0
278328390_382402366,my,0.0
278328390_382402366,no,0.0
278328390_382402366,most,0.0
278328390_382402366,down,0.0
278328390_382402366,place,0.0
278328390_382402366,me,0.0
278328390_382402366,our,0.0
278328390_382402366,next,0.0
278328390_382402366,always,0.0
278328390_382402366,eat,0.0
278328390_467781586,it,0.0
278328390_467781586,for,0.0
278328390_467781586,before,0.0
278328390_467781586,one,0.0
278328390_467781586,too,0.0
278328390_467781586,or,0.0
278328390_467781586,follow,0.0
278328390_467781586,so,0.0
278328390_467781586,has,0.0
278328390_467781586,school,0.0
278328390_467781586,most,0.0
278328390_467781586,people,0.0
278328390_467781586,back,0.0
278328390_467781586,late,0.0
278328390_467781586,done,0.0
278328390_467781586,ever,0.0
278328390_484961764,and,0.0
278328390_484961764,just,0.0
278328390_484961764,a,0.0
278328390_484961764,you,0.0
278328390_484961764,with,0.0
278328390_484961764,this,0.0
278328390_484961764,want,0.0
278328390_484961764,do,0.0
278328390_484961764,if,0.0
278328390_484961764,make,0.0
278328390_484961764,new,0.0
278328390_484961764,laugh,0.0
278328390_858126522,a,0.0
278328390_858126522,I,0.0
278328390_858126522,tell,0.0
278328390_858126522,do,0.0
278328390_858126522,like,0.0
278328390_858126522,her,0.0
278328390_99381112,a,0.0
278328390_99381112,think,0.0
278328390_99381112,on,0.0
278328390_99381112,I,0.0
278328390_99381112,have,0.0
30495613_68966191,I,0.0
30495613_68966191,but,0.0
30495613_68966191,picture,0.0
30495613_68966191,last,0.0
308297673_139539038,in,0.0
308297673_139539038,you,0.0
308297673_139539038,that,0.0
308297673_139539038,with,0.0
308297673_139539038,be,0.0
308297673_139539038,here,0.0
308297673_139539038,which,0.0
308297673_139539038,day,0.0
308297673_139539038,go,0.0
308297673_139539038,come,0.0
308297673_139539038,hard,0.0
308297673_139539038,me,0.0
308297673_139539038,life,0.0
308297673_139539038,our,0.0
308297673_139539038,fall,0.0
308297673_139539038,took,0.0
308297673_139539038,busy,0.0
308297673_1396698397,got,0.0
308297673_163645988,or,0.0
308297673_163645988,what,0.0
308297673_163645988,no,0.0
308297673_163645988,than,0.0
308297673_163645988,love,0.0
308297673_163645988,car,0.0
308297673_163645988,drive,0.0
308297673_163645988,better,0.0
308297673_2609837026,me,0.0
308297673_841076833,just,0.0
308297673_841076833,a,0.0
308297673_841076833,say,0.0
308297673_841076833,what,0.0
308297673_841076833,big,0.0
308297673_841076833,so,0.0
308297673_841076833,keep,0.0
308297673_841076833,our,0.0
308297673_99381112,the,0.0
308297673_99381112,say,0.0
308297673_99381112,on,0.0
308297673_99381112,I,0.0
308297673_99381112,why,0.0
308297673_99381112,my,0.0
308297673_99381112,mind,0.0
30892730_2609837026,and,0.0
30892730_2609837026,a,0.0
30892730_2609837026,on,0.0
30892730_2609837026,are,0.0
30892730_2609837026,add,0.0
30892730_2609837026,head,0.0
30892730_2609837026,my,0.0
30892730_2609837026,me,0.0
330705266_1042042788,much,0.0
330705266_1042042788,you,0.0
330705266_1042042788,I,0.0
330705266_1042042788,so,0.0
330705266_1042042788,love,0.0
330705266_129859603,for,0.0
330705266_129859603,be,0.0
330705266_129859603,people,0.0
330705266_129859603,back,0.0
330705266_129859603,me,0.0
330705266_1328060750,just,0.0
330705266_1328060750,a,0.0
330705266_1328060750,is,0.0
330705266_1328060750,great,0.0
330705266_1328060750,it,0.0
330705266_1328060750,that,0.0
330705266_1328060750,on,0.0
330705266_1328060750,are,0.0
330705266_1328060750,mean,0.0
330705266_1328060750,I,0.0
330705266_1328060750,right,0.0
330705266_1328060750,follow,0.0
330705266_1328060750,do,0.0
330705266_1328060750,if,0.0
330705266_1328060750,went,0.0
330705266_1328060750,would,0.0
330705266_1328060750,so,0.0
330705266_1328060750,world,0.0
330705266_1328060750,see,0.0
330705266_1328060750,could,0.0
330705266_1328060750,my,0.0
330705266_1328060750,over,0.0
330705266_1328060750,know,0.0
330705266_1328060750,now,0.0
330705266_1328060750,since,0.0
330705266_1328060750,love,0.0
330705266_1328060750,done,0.0
330705266_1328060750,sleep,0.0
330705266_1515820772,a,0.0
330705266_1515820772,you,0.0
330705266_1515820772,that,0.0
330705266_1515820772,for,0.0
330705266_1515820772,be,0.0
330705266_1515820772,now,0.0
330705266_1536302137,a,0.0
330705266_1536302137,for,0.0
330705266_1536302137,follow,0.0
330705266_1631064974,to,0.0
330705266_1631064974,in,0.0
330705266_1631064974,you,0.0
330705266_1631064974,say,0.0
330705266_1631064974,for,0.0
330705266_1631064974,I,0.0
330705266_1631064974,what,0.0
330705266_1631064974,your,0.0
330705266_1631064974,way,0.0
330705266_1631064974,about,0.0
330705266_1631064974,own,0.0
330705266_1631064974,people,0.0
330705266_1631064974,don't,0.0
330705266_1631064974,love,0.0
330705266_1631064974,listen,0.0
330705266_1705991035,I,0.0
330705266_1729841617,think,0.0
330705266_1729841617,what,0.0
330705266_1729841617,about,0.0
330705266_2448169998,and,0.0
330705266_2448169998,a,0.0
330705266_2448169998,is,0.0
330705266_2448169998,think,0.0
330705266_2448169998,you,0.0
330705266_2448169998,or,0.0
330705266_2448169998,up,0.0
330705266_2448169998,do,0.0
330705266_2448169998,me,0.0
330705266_2448169998,few,0.0
330705266_2482534992,be,0.0
330705266_2519340408,here,0.0
330705266_2519340408,like,0.0
330705266_2519340408,over,0.0
330705266_2519340408,while,0.0
330705266_2519340408,those,0.0
330705266_2566565666,you,0.0
330705266_2566565666,from,0.0
330705266_2566565666,there,0.0
330705266_2566565666,will,0.0
330705266_2566565666,thing,0.0
330705266_2566565666,know,0.0
330705266_2711961214,the,0.0
330705266_2711961214,of,0.0
330705266_2711961214,in,0.0
330705266_2711961214,much,0.0
330705266_2711961214,is,0.0
330705266_2711961214,it,0.0
330705266_2711961214,you,0.0
330705266_2711961214,on,0.0
330705266_2711961214,as,0.0
330705266_2711961214,I,0.0
330705266_2711961214,three,0.0
330705266_2711961214,out,0.0
330705266_2711961214,all,0.0
330705266_2711961214,need,0.0
330705266_2711961214,us,0.0
330705266_2711961214,long,0.0
330705266_2711961214,see,0.0
330705266_2711961214,number,0.0
330705266_2711961214,city,0.0
330705266_2711961214,since,0.0
330705266_2711961214,our,0.0
330705266_2744930975,I,0.0
330705266_2744930975,follow,0.0
330705266_2744930975,do,0.0
330705266_2744930975,soon,0.0
330705266_278328390,to,0.0
330705266_278328390,I,0.0
330705266_278328390,how,0.0
330705266_278328390,need,0.0
330705266_278328390,me,0.0
330705266_278328390,teach,0.0
330705266_30892730,the,0.0
330705266_30892730,on,0.0
330705266_30892730,as,0.0
330705266_30892730,from,0.0
330705266_30892730,play,0.0
330705266_30892730,do,0.0
330705266_30892730,my,0.0
330705266_30892730,new,0.0
330705266_30892730,our,0.0
330705266_324420103,you,0.0
330705266_324420103,I,0.0
330705266_324420103,love,0.0
330705266_363961928,with,0.0
330705266_363961928,done,0.0
330705266_382402366,to,0.0
330705266_382402366,I,0.0
330705266_382402366,move,0.0
330705266_382402366,want,0.0
330705266_467781586,a,0.0
330705266_467781586,you,0.0
330705266_467781586,I,0.0
330705266_467781586,my,0.0
330705266_467781586,true,0.0
330705266_484961764,with,0.0
330705266_484961764,have,0.0
330705266_484961764,school,0.0
330705266_484961764,done,0.0
330705266_55592183,the,0.0
330705266_55592183,in,0.0
330705266_55592183,you,0.0
330705266_55592183,with,0.0
330705266_55592183,I,0.0
330705266_55592183,can,0.0
330705266_55592183,out,0.0
330705266_55592183,here,0.0
330705266_55592183,an,0.0
330705266_55592183,time,0.0
330705266_55592183,so,0.0
330705266_55592183,me,0.0
330705266_588004256,I,0.0
330705266_588004256,school,0.0
330705266_68966191,me,0.0
363961928_129859603,you,0.0
363961928_129859603,I,0.0
363961928_129859603,they,0.0
363961928_129859603,need,0.0
363961928_129859603,don't,0.0
363961928_129859603,me,0.0
363961928_129859603,got,0.0
363961928_1328060750,to,0.0
363961928_1328060750,a,0.0
363961928_1328060750,in,0.0
363961928_1328060750,you,0.0
363961928_1328060750,with,0.0
363961928_1328060750,I,0.0
363961928_1328060750,from,0.0
363961928_1328060750,want,0.0
363961928_1328060750,if,0.0
363961928_1328060750,make,0.0
363961928_1328060750,has,0.0
363961928_1328060750,should,0.0
363961928_1328060750,me,0.0
363961928_1335572448,back,0.0
363961928_1335572448,me,0.0
363961928_1396698397,the,0.0
363961928_1396698397,to,0.0
363961928_1396698397,a,0.0
363961928_1396698397,is,0.0
363961928_1396698397,it,0.0
363961928_1396698397,that,0.0
363961928_1396698397,was,0.0
363961928_1396698397,on,0.0
363961928_1396698397,are,0.0
363961928_1396698397,right,0.0
363961928_1396698397,at,0.0
363961928_1396698397,one,0.0
363961928_1396698397,have,0.0
363961928_1396698397,all,0.0
363961928_1396698397,way,0.0
363961928_1396698397,point,0.0
363961928_1396698397,no,0.0
363961928_1396698397,people,0.0
363961928_1396698397,keep,0.0
363961928_1396698397,now,0.0
363961928_1396698397,find,0.0
363961928_1396698397,me,0.0
363961928_1396698397,ever,0.0
363961928_1729841617,the,0.0
363961928_1729841617,to,0.0
363961928_1729841617,in,0.0
363961928_1729841617,it,0.0
363961928_1729841617,want,0.0
363961928_1729841617,there,0.0
363961928_1729841617,if,0.0
363961928_1729841617,so,0.0
363961928_1729841617,go,0.0
363961928_1729841617,get,0.0
363961928_1729841617,me,0.0
363961928_1729841617,love,0.0
363961928_1729841617,eat,0.0
363961928_1729841617,ever,0.0
363961928_1906234147,at,0.0
363961928_1906234147,feet,0.0
363961928_2419851452,a,0.0
363961928_2419851452,on,0.0
363961928_2419851452,are,0.0
363961928_2419851452,with,0.0
363961928_2419851452,be,0.0
363961928_2419851452,this,0.0
363961928_2419851452,some,0.0
363961928_2419851452,follow,0.0
363961928_2419851452,week,0.0
363961928_2448169998,the,0.0
363961928_2448169998,much,0.0
363961928_2448169998,I,0.0
363961928_2448169998,were,0.0
363961928_2448169998,so,0.0
363961928_2448169998,miss,0.0
363961928_2582231382,a,0.0
363961928_2582231382,is,0.0
363961928_2582231382,friend,0.0
363961928_2582231382,true,0.0
363961928_2582957044,of,0.0
363961928_2582957044,to,0.0
363961928_2582957044,it,0.0
363961928_2582957044,you,0.0
363961928_2582957044,for,0.0
363961928_2582957044,before,0.0
363961928_2582957044,be,0.0
363961928_2582957044,all,0.0
363961928_2582957044,if,0.0
363961928_2582957044,off,0.0
363961928_2582957044,try,0.0
363961928_2582957044,so,0.0
363961928_2582957044,look,0.0
363961928_2582957044,take,0.0
363961928_2582957044,our,0.0
363961928_2582957044,love,0.0
363961928_2582957044,lot,0.0
363961928_2605929432,a,0.0
363961928_2605929432,for,0.0
363961928_2605929432,follow,0.0
363961928_2609837026,you,0.0
363961928_2609837026,are,0.0
363961928_2609837026,I,0.0
363961928_2609837026,how,0.0
363961928_2609837026,still,0.0
363961928_2609837026,first,0.0
363961928_2609837026,our,0.0
363961928_2609837026,remember,0.0
363961928_2671372639,just,0.0
363961928_2671372639,a,0.0
363961928_2671372639,on,0.0
363961928_2671372639,with,0.0
363961928_2671372639,got,0.0
363961928_2744930975,just,0.0
363961928_2744930975,I,0.0
363961928_2744930975,now,0.0
363961928_326492577,of,0.0
363961928_326492577,a,0.0
363961928_326492577,you,0.0
363961928_326492577,I,0.0
363961928_326492577,one,0.0
363961928_326492577,when,0.0
363961928_326492577,how,0.0
363961928_326492577,will,0.0
363961928_326492577,no,0.0
363961928_326492577,know,0.0
363961928_326492577,never,0.0
363961928_326492577,love,0.0
363961928_326492577,lot,0.0
363961928_382402366,and,0.0
363961928_382402366,in,0.0
363961928_382402366,me,0.0
363961928_467781586,a,0.0
363961928_467781586,in,0.0
363961928_467781586,is,0.0
363961928_467781586,you,0.0
363961928_467781586,I,0.0
363961928_467781586,from,0.0
363961928_467781586,want,0.0
363961928_467781586,do,0.0
363961928_467781586,if,0.0
363961928_467781586,live,0.0
363961928_467781586,where,0.0
363961928_467781586,me,0.0
363961928_467781586,nothing,0.0
363961928_484961764,the,0.0
363961928_484961764,to,0.0
363961928_484961764,a,0.0
363961928_484961764,in,0.0
363961928_484961764,you,0.0
363961928_484961764,for,0.0
363961928_484961764,or,0.0
363961928_484961764,had,0.0
363961928_484961764,want,0.0
363961928_484961764,but,0.0
363961928_484961764,also,0.0
363961928_484961764,way,0.0
363961928_484961764,see,0.0
363961928_484961764,my,0.0
363961928_484961764,only,0.0
363961928_484961764,talk,0.0
363961928_55592183,much,0.0
363961928_55592183,for,0.0
363961928_55592183,with,0.0
363961928_55592183,I,0.0
363961928_55592183,right,0.0
363961928_55592183,had,0.0
363961928_55592183,way,0.0
363961928_55592183,like,0.0
363961928_55592183,so,0.0
363961928_55592183,see,0.0
363961928_55592183,no,0.0
363961928_55592183,now,0.0
363961928_55592183,wait,0.0
363961928_55592183,feel,0.0
363961928_858126522,are,0.0
363961928_858126522,me,0.0
363961928_99381112,in,0.0
363961928_99381112,think,0.0
363961928_99381112,with,0.0
363961928_99381112,this,0.0
363961928_99381112,or,0.0
363961928_99381112,had,0.0
363961928_99381112,want,0.0
363961928_99381112,but,0.0
363961928_99381112,also,0.0
363961928_99381112,do,0.0
363961928_99381112,will,0.0
363961928_99381112,way,0.0
363961928_99381112,about,0.0
363961928_99381112,point,0.0
363961928_99381112,see,0.0
363961928_99381112,could,0.0
363961928_99381112,my,0.0
363961928_99381112,know,0.0
363961928_99381112,never,0.0
363961928_99381112,live,0.0
363961928_99381112,where,0.0
363961928_99381112,only,0.0
363961928_99381112,don't,0.0
363961928_99381112,while,0.0
363961928_99381112,got,0.0
363961928_99381112,done,0.0
363961928_99381112,talk,0.0
363961928_99381112,lot,0.0
363961928_99381112,nothing,0.0
379408088_1088207396,and,0.0
379408088_1088207396,on,0.0
379408088_1088207396,up,0.0
379408088_1328060750,of,0.0
379408088_1328060750,very,0.0
379408088_1328060750,to,0.0
379408088_1328060750,a,0.0
379408088_1328060750,in,0.0
379408088_1328060750,much,0.0
379408088_1328060750,is,0.0
379408088_1328060750,think,0.0
379408088_1328060750,say,0.0
379408088_1328060750,that,0.0
379408088_1328060750,was,0.0
379408088_1328060750,for,0.0
379408088_1328060750,I,0.0
379408088_1328060750,be,0.0
379408088_1328060750,at,0.0
379408088_1328060750,or,0.0
379408088_1328060750,what,0.0
379408088_1328060750,can,0.0
379408088_1328060750,do,0.0
379408088_1328060750,ask,0.0
379408088_1328060750,if,0.0
379408088_1328060750,picture,0.0
379408088_1328060750,so,0.0
379408088_1328060750,make,0.0
379408088_1328060750,see,0.0
379408088_1328060750,my,0.0
379408088_1328060750,new,0.0
379408088_1328060750,take,0.0
379408088_1328060750,me,0.0
379408088_1328060750,wait,0.0
379408088_1328060750,ever,0.0
379408088_1328060750,knew,0.0
379408088_1536302137,can,0.0
379408088_1536302137,self,0.0
379408088_1536302137,my,0.0
379408088_1536302137,grow,0.0
379408088_1536302137,only,0.0
379408088_1536302137,always,0.0
379408088_1536302137,cut,0.0
379408088_1604280403,the,0.0
379408088_1604280403,of,0.0
379408088_1604280403,it,0.0
379408088_1604280403,that,0.0
379408088_1604280403,on,0.0
379408088_1604280403,are,0.0
379408088_1604280403,with,0.0
379408088_1604280403,tell,0.0
379408088_1604280403,we,0.0
379408088_1604280403,all,0.0
379408088_1604280403,when,0.0
379408088_1604280403,up,0.0
379408088_1604280403,each,0.0
379408088_1604280403,if,0.0
379408088_1604280403,make,0.0
379408088_1604280403,has,0.0
379408088_1604280403,should,0.0
379408088_1604280403,my,0.0
379408088_1604280403,get,0.0
379408088_1604280403,man,0.0
379408088_1604280403,love,0.0
379408088_1604280403,plane,0.0
379408088_1906234147,leave,0.0
379408088_1906234147,busy,0.0
379408088_2225825663,the,0.0
379408088_2225825663,to,0.0
379408088_2225825663,it,0.0
379408088_2225825663,for,0.0
379408088_2225825663,right,0.0
379408088_2225825663,all,0.0
379408088_2225825663,here,0.0
379408088_2225825663,ready,0.0
379408088_2448169998,and,0.0
379408088_2448169998,I,0.0
379408088_2448169998,have,0.0
379408088_2448169998,might,0.0
379408088_2448169998,got,0.0
379408088_2482534992,it,0.0
379408088_2482534992,on,0.0
379408088_2482534992,put,0.0
379408088_2482534992,my,0.0
379408088_2482534992,face,0.0
379408088_2582957044,you,0.0
379408088_2582957044,are,0.0
379408088_2582957044,this,0.0
379408088_2582957044,night,0.0
379408088_2582957044,next,0.0
379408088_2582957044,ready,0.0
379408088_2825905798,half,0.0
379408088_467781586,and,0.0
379408088_467781586,you,0.0
379408088_467781586,for,0.0
379408088_467781586,this,0.0
379408088_467781586,all,0.0
379408088_467781586,do,0.0
379408088_467781586,again,0.0
379408088_467781586,me,0.0
379408088_484961764,to,0.0
379408088_484961764,a,0.0
379408088_484961764,be,0.0
379408088_484961764,at,0.0
379408088_484961764,have,0.0
379408088_484961764,this,0.0
379408088_484961764,there,0.0
379408088_484961764,an,0.0
379408088_484961764,do,0.0
379408088_484961764,time,0.0
379408088_484961764,then,0.0
379408088_484961764,live,0.0
379408088_484961764,show,0.0
379408088_484961764,next,0.0
379408088_484961764,ready,0.0
379408088_484961764,week,0.0
379408088_484961764,special,0.0
379408088_484961764,better,0.0
379408088_484961764,fast,0.0
379408088_492677346,in,0.0
379408088_492677346,with,0.0
379408088_492677346,what,0.0
379408088_492677346,out,0.0
379408088_492677346,went,0.0
379408088_492677346,down,0.0
379408088_55592183,rock,0.0
379408088_68966191,to,0.0
379408088_68966191,a,0.0
379408088_68966191,it,0.0
379408088_68966191,follow,0.0
379408088_68966191,do,0.0
379408088_68966191,if,0.0
379408088_68966191,get,0.0
379408088_68966191,feel,0.0
382402366_1088207396,and,0.0
382402366_1088207396,a,0.0
382402366_1088207396,great,0.0
382402366_1088207396,have,0.0
382402366_1088207396,see,0.0
382402366_1088207396,day,0.0
382402366_1088207396,man,0.0
382402366_1604280403,and,0.0
382402366_1604280403,is,0.0
382402366_1604280403,it,0.0
382402366_1604280403,me,0.0
382402366_2429604951,right,0.0
382402366_2429604951,follow,0.0
382402366_2429604951,now,0.0
382402366_2429604951,little,0.0
382402366_2541854413,the,0.0
382402366_2541854413,in,0.0
382402366_2541854413,with,0.0
382402366_2541854413,follow,0.0
382402366_2541854413,day,0.0
382402366_2541854413,number,0.0
382402366_2541854413,new,0.0
382402366_2566565666,the,0.0
382402366_2566565666,to,0.0
382402366_2566565666,and,0.0
382402366_2566565666,in,0.0
382402366_2566565666,for,0.0
382402366_2566565666,on,0.0
382402366_2566565666,from,0.0
382402366_2566565666,up,0.0
382402366_2566565666,follow,0.0
382402366_2566565666,time,0.0
382402366_2566565666,like,0.0
382402366_2566565666,us,0.0
382402366_2566565666,long,0.0
382402366_2566565666,first,0.0
382402366_2566565666,story,0.0
382402366_2566565666,life,0.0
382402366_2566565666,both,0.0
382402366_2566565666,ever,0.0
382402366_2566565666,short,0.0
382402366_2566565666,ran,0.0
382402366_467781586,the,0.0
382402366_467781586,of,0.0
382402366_467781586,for,0.0
382402366_467781586,on,0.0
382402366_467781586,are,0.0
382402366_467781586,be,0.0
382402366_467781586,all,0.0
382402366_467781586,up,0.0
382402366_467781586,follow,0.0
382402366_467781586,so,0.0
382402366_467781586,make,0.0
382402366_467781586,been,0.0
382402366_467781586,now,0.0
382402366_467781586,little,0.0
382402366_467781586,good,0.0
382402366_467781586,love,0.0
382402366_467781586,always,0.0
382402366_467781586,ready,0.0
382402366_467781586,half,0.0
389238190_1536302137,the,0.0
389238190_1536302137,to,0.0
389238190_1536302137,that,0.0
389238190_1536302137,on,0.0
389238190_1536302137,are,0.0
389238190_1536302137,with,0.0
389238190_1536302137,I,0.0
389238190_1536302137,were,0.0
389238190_1536302137,about,0.0
389238190_1536302137,my,0.0
389238190_1536302137,know,0.0
389238190_1536302137,only,0.0
389238190_1536302137,me,0.0
389238190_2398245474,the,0.0
389238190_2398245474,to,0.0
389238190_2398245474,a,0.0
389238190_2398245474,you,0.0
389238190_2398245474,are,0.0
389238190_2398245474,I,0.0
389238190_2398245474,follow,0.0
389238190_2398245474,if,0.0
389238190_2398245474,more,0.0
389238190_2398245474,my,0.0
389238190_2398245474,don't,0.0
389238190_2398245474,me,0.0
389238190_2398245474,ever,0.0
389238190_2398245474,am,0.0
389238190_858126522,the,0.0
389238190_858126522,name,0.0
389238190_858126522,to,0.0
389238190_858126522,with,0.0
389238190_858126522,I,0.0
389238190_858126522,be,0.0
389238190_858126522,why,0.0
389238190_858126522,like,0.0
389238190_858126522,more,0.0
389238190_858126522,no,0.0
389238190_858126522,get,0.0
389238190_858126522,don't,0.0
395706462_110288084,the,0.0
395706462_110288084,of,0.0
395706462_110288084,and,0.0
395706462_110288084,is,0.0
395706462_110288084,think,0.0
395706462_110288084,at,0.0
395706462_110288084,from,0.0
395706462_110288084,she,0.0
395706462_110288084,so,0.0
395706462_110288084,work,0.0
395706462_110288084,me,0.0
395706462_2398245474,on,0.0
395706462_2398245474,we,0.0
395706462_2398245474,way,0.0
403171568_110288084,of,0.0
403171568_110288084,to,0.0
403171568_110288084,in,0.0
403171568_110288084,he,0.0
403171568_110288084,his,0.0
403171568_110288084,be,0.0
403171568_110288084,had,0.0
403171568_110288084,but,0.0
403171568_110288084,were,0.0
403171568_110288084,when,0.0
403171568_110288084,did,0.0
403171568_110288084,first,0.0
403171568_110288084,good,0.0
403171568_110288084,nothing,0.0
403171568_110288084,best,0.0
403171568_2541854413,of,0.0
403171568_2541854413,to,0.0
403171568_2541854413,a,0.0
403171568_2541854413,you,0.0
403171568_2541854413,I,0.0
403171568_2541854413,be,0.0
403171568_2541854413,boy,0.0
403171568_2541854413,hot,0.0
403171568_2541854413,all,0.0
403171568_2541854413,these,0.0
403171568_2541854413,see,0.0
403171568_2541854413,over,0.0
403171568_2541854413,back,0.0
403171568_2541854413,man,0.0
403171568_2541854413,lot,0.0
403171568_2726065606,the,0.0
403171568_2726065606,from,0.0
403171568_2726065606,my,0.0
405728790_1042042788,so,0.0
405728790_110288084,a,0.0
405728790_110288084,we,0.0
405728790_110288084,need,0.0
405728790_110288084,don't,0.0
405728790_110288084,good,0.0
405728790_1396698397,a,0.0
405728790_1396698397,on,0.0
405728790_1396698397,I,0.0
405728790_1396698397,home,0.0
405728790_1396698397,again,0.0
405728790_1396698397,day,0.0
405728790_1536302137,in,0.0
405728790_1536302137,he,0.0
405728790_1536302137,was,0.0
405728790_1536302137,again,0.0
405728790_1536302137,her,0.0
405728790_1536302137,know,0.0
405728790_1536302137,new,0.0
405728790_1536302137,don't,0.0
405728790_156460168,the,0.0
405728790_156460168,in,0.0
405728790_156460168,I,0.0
405728790_156460168,your,0.0
405728790_156460168,if,0.0
405728790_1604280403,up,0.0
405728790_1604280403,do,0.0
405728790_1604280403,should,0.0
405728790_1604280403,give,0.0
405728790_1604280403,next,0.0
405728790_1604280403,feel,0.0
405728790_1631064974,you,0.0
405728790_1631064974,I,0.0
405728790_1631064974,do,0.0
405728790_1631064974,should,0.0
405728790_1631064974,next,0.0
405728790_1631064974,miss,0.0
405728790_1729841617,the,0.0
405728790_1729841617,and,0.0
405728790_1729841617,a,0.0
405728790_1729841617,it,0.0
405728790_1729841617,you,0.0
405728790_1729841617,that,0.0
405728790_1729841617,was,0.0
405728790_1729841617,on,0.0
405728790_1729841617,with,0.0
405728790_1729841617,as,0.0
405728790_1729841617,I,0.0
405728790_1729841617,want,0.0
405728790_1729841617,what,0.0
405728790_1729841617,if,0.0
405728790_1729841617,about,0.0
405728790_1729841617,like,0.0
405728790_1729841617,make,0.0
405728790_1729841617,go,0.0
405728790_1729841617,last,0.0
405728790_1729841617,only,0.0
405728790_1729841617,next,0.0
405728790_1729841617,remember,0.0
405728790_1729841617,miss,0.0
405728790_2225825663,morning,0.0
405728790_2346829268,that,0.0
405728790_2346829268,about,0.0
405728790_2398245474,the,0.0
405728790_2398245474,of,0.0
405728790_2398245474,very,0.0
405728790_2398245474,just,0.0
405728790_2398245474,a,0.0
405728790_2398245474,in,0.0
405728790_2398245474,much,0.0
405728790_2398245474,it,0.0
405728790_2398245474,that,0.0
405728790_2398245474,was,0.0
405728790_2398245474,for,0.0
405728790_2398245474,on,0.0
405728790_2398245474,are,0.0
405728790_2398245474,as,0.0
405728790_2398245474,mean,0.0
405728790_2398245474,right,0.0
405728790_2398245474,be,0.0
405728790_2398245474,too,0.0
405728790_2398245474,does,0.0
405728790_2398245474,from,0.0
405728790_2398245474,or,0.0
405728790_2398245474,can,0.0
405728790_2398245474,out,0.0
405728790_2398245474,your,0.0
405728790_2398245474,even,0.0
405728790_2398245474,here,0.0
405728790_2398245474,if,0.0
405728790_2398245474,about,0.0
405728790_2398245474,kind,0.0
405728790_2398245474,so,0.0
405728790_2398245474,make,0.0
405728790_2398245474,come,0.0
405728790_2398245474,should,0.0
405728790_2398245474,only,0.0
405728790_2398245474,me,0.0
405728790_2398245474,our,0.0
405728790_2398245474,next,0.0
405728790_2398245474,love,0.0
405728790_2398245474,watch,0.0
405728790_2398245474,enough,0.0
405728790_2398245474,best,0.0
405728790_2398245474,remember,0.0
405728790_2458451887,to,0.0
405728790_2458451887,a,0.0
405728790_2458451887,with,0.0
405728790_2458451887,does,0.0
405728790_2458451887,from,0.0
405728790_2458451887,want,0.0
405728790_2458451887,me,0.0
405728790_2482534992,very,0.0
405728790_2482534992,to,0.0
405728790_2482534992,and,0.0
405728790_2482534992,just,0.0
405728790_2482534992,was,0.0
405728790_2482534992,mean,0.0
405728790_2482534992,be,0.0
405728790_2482534992,well,0.0
405728790_2482534992,about,0.0
405728790_2482534992,kind,0.0
405728790_2482534992,new,0.0
405728790_2482534992,our,0.0
405728790_2482534992,ready,0.0
405728790_2482534992,soon,0.0
405728790_2554017534,you,0.0
405728790_2554017534,miss,0.0
405728790_2566565666,I,0.0
405728790_2566565666,do,0.0
405728790_2566565666,should,0.0
405728790_2566565666,next,0.0
405728790_2582957044,I,0.0
405728790_2582957044,do,0.0
405728790_2671372639,a,0.0
405728790_2671372639,you,0.0
405728790_2671372639,for,0.0
405728790_2671372639,with,0.0
405728790_2671372639,does,0.0
405728790_2671372639,from,0.0
405728790_2671372639,or,0.0
405728790_2671372639,want,0.0
405728790_2671372639,follow,0.0
405728790_2671372639,if,0.0
405728790_2671372639,people,0.0
405728790_2671372639,me,0.0
405728790_2671372639,gave,0.0
405728790_2726065606,the,0.0
405728790_2726065606,in,0.0
405728790_2726065606,I,0.0
405728790_2726065606,your,0.0
405728790_2726065606,if,0.0
405728790_2744930975,so,0.0
405728790_2825905798,to,0.0
405728790_2825905798,form,0.0
405728790_2825905798,it,0.0
405728790_2825905798,you,0.0
405728790_2825905798,with,0.0
405728790_2825905798,do,0.0
405728790_2825905798,about,0.0
405728790_2825905798,day,0.0
405728790_2825905798,should,0.0
405728790_2825905798,next,0.0
405728790_2825905798,ready,0.0
405728790_2833473210,want,0.0
405728790_2833473210,what,0.0
405728790_2875104362,of,0.0
405728790_2875104362,to,0.0
405728790_2875104362,a,0.0
405728790_2875104362,it,0.0
405728790_2875104362,that,0.0
405728790_2875104362,with,0.0
405728790_2875104362,all,0.0
405728790_2875104362,up,0.0
405728790_2875104362,them,0.0
405728790_2875104362,my,0.0
405728790_2875104362,people,0.0
405728790_2875104362,give,0.0
405728790_403199730,the,0.0
405728790_403199730,in,0.0
405728790_403199730,I,0.0
405728790_403199730,your,0.0
405728790_403199730,if,0.0
405728790_429482760,up,0.0
405728790_429482760,should,0.0
405728790_429482760,give,0.0
405728790_484961764,the,0.0
405728790_484961764,and,0.0
405728790_484961764,a,0.0
405728790_484961764,it,0.0
405728790_484961764,when,0.0
405728790_484961764,up,0.0
405728790_484961764,do,0.0
405728790_484961764,new,0.0
405728790_484961764,give,0.0
405728790_484961764,next,0.0
405728790_484961764,watch,0.0
405728790_484961764,done,0.0
405728790_494502107,the,0.0
405728790_494502107,in,0.0
405728790_494502107,on,0.0
405728790_494502107,be,0.0
405728790_494502107,too,0.0
405728790_494502107,out,0.0
405728790_494502107,come,0.0
405728790_68966191,the,0.0
405728790_68966191,a,0.0
405728790_68966191,in,0.0
405728790_68966191,was,0.0
405728790_68966191,with,0.0
405728790_68966191,as,0.0
405728790_68966191,have,0.0
405728790_68966191,out,0.0
405728790_68966191,all,0.0
405728790_68966191,how,0.0
405728790_68966191,she,0.0
405728790_68966191,do,0.0
405728790_68966191,if,0.0
405728790_68966191,about,0.0
405728790_68966191,make,0.0
405728790_68966191,new,0.0
405728790_68966191,start,0.0
405728790_68966191,while,0.0
405728790_68966191,next,0.0
405728790_68966191,though,0.0
405728790_68966191,remember,0.0
405728790_858126522,to,0.0
405728790_858126522,a,0.0
405728790_858126522,with,0.0
405728790_858126522,does,0.0
405728790_858126522,from,0.0
405728790_858126522,want,0.0
405728790_858126522,me,0.0
405728790_99381112,to,0.0
405728790_99381112,a,0.0
405728790_99381112,it,0.0
405728790_99381112,that,0.0
405728790_99381112,with,0.0
405728790_99381112,up,0.0
405728790_99381112,my,0.0
405728790_99381112,people,0.0
405728790_99381112,give,0.0
495074577_2225825663,of,0.0
495074577_2225825663,and,0.0
495074577_2225825663,are,0.0
495074577_2225825663,your,0.0
495074577_2225825663,up,0.0
495074577_2225825663,my,0.0
495074577_484961764,a,0.0
495074577_484961764,as,0.0
495074577_484961764,at,0.0
495074577_484961764,can,0.0
495074577_484961764,many,0.0
495074577_484961764,like,0.0
55592183_363961928,to,0.0
55592183_363961928,in,0.0
55592183_363961928,it,0.0
55592183_363961928,you,0.0
55592183_363961928,for,0.0
55592183_363961928,be,0.0
55592183_363961928,what,0.0
55592183_363961928,your,0.0
55592183_363961928,up,0.0
55592183_363961928,do,0.0
55592183_363961928,time,0.0
55592183_363961928,if,0.0
55592183_363961928,would,0.0
55592183_363961928,see,0.0
55592183_363961928,look,0.0
55592183_363961928,could,0.0
55592183_363961928,live,0.0
55592183_824289330,is,0.0
55592183_824289330,your,0.0
55592183_824289330,which,0.0
840897602_163730859,of,0.0
840897602_163730859,to,0.0
840897602_163730859,you,0.0
840897602_163730859,out,0.0
840897602_163730859,music,0.0
840897602_163730859,check,0.0
840897602_1705991035,a,0.0
840897602_2419851452,just,0.0
840897602_2419851452,with,0.0
840897602_2419851452,want,0.0
840897602_2419851452,out,0.0
840897602_2419851452,how,0.0
840897602_2419851452,an,0.0
840897602_2419851452,more,0.0
840897602_2419851452,go,0.0
840897602_2419851452,than,0.0
840897602_2419851452,start,0.0
405728790_2398245474,I,-0.023809523809523808
1396698397_2684899689,the,-0.03225806451612903
1396698397_2684899689,a,-0.03225806451612903
1396698397_2684899689,is,-0.03225806451612903
1396698397_2684899689,so,-0.03225806451612903
1396698397_2684899689,far,-0.03225806451612903
1396698397_2684899689,back,-0.03225806451612903
1396698397_2684899689,soon,-0.03225806451612903
405728790_68966191,I,-0.033333333333333354
403171568_110288084,the,-0.0357142857142857
405728790_2398245474,and,-0.047619047619047616
405728790_2398245474,you,-0.047619047619047616
405728790_2398245474,with,-0.047619047619047616
405728790_2398245474,do,-0.047619047619047616
1906234147_467781586,but,-0.05
1906234147_467781586,if,-0.05
1906234147_467781586,like,-0.05
1906234147_467781586,so,-0.05
1906234147_467781586,love,-0.05
1906234147_467781586,cold,-0.05
330705266_2711961214,and,-0.0625
330705266_2711961214,think,-0.0625
330705266_2711961214,that,-0.0625
330705266_2711961214,for,-0.0625
330705266_2711961214,are,-0.0625
330705266_2711961214,one,-0.0625
330705266_2711961214,do,-0.0625
330705266_2711961214,could,-0.0625
330705266_2711961214,get,-0.0625
1396698397_2684899689,can,-0.06451612903225806
139539038_308297673,in,-0.06666666666666667
139539038_308297673,great,-0.06666666666666667
139539038_308297673,was,-0.06666666666666667
139539038_308297673,there,-0.06666666666666667
139539038_308297673,an,-0.06666666666666667
139539038_308297673,people,-0.06666666666666667
139539038_308297673,get,-0.06666666666666667
139539038_308297673,man,-0.06666666666666667
139539038_308297673,don't,-0.06666666666666667
139539038_308297673,love,-0.06666666666666667
330705266_1328060750,the,-0.07692307692307693
330705266_1328060750,to,-0.07692307692307693
330705266_1328060750,with,-0.07692307692307693
330705266_1328060750,be,-0.07692307692307693
330705266_1328060750,but,-0.07692307692307693
139539038_163645988,to,-0.08333333333333333
139539038_163645988,think,-0.08333333333333333
139539038_163645988,for,-0.08333333333333333
139539038_163645988,I,-0.08333333333333333
139539038_163645988,be,-0.08333333333333333
139539038_163645988,want,-0.08333333333333333
139539038_163645988,out,-0.08333333333333333
139539038_163645988,do,-0.08333333333333333
139539038_163645988,than,-0.08333333333333333
1396698397_1328060750,the,-0.08333333333333333
1396698397_1328060750,a,-0.08333333333333333
1396698397_1328060750,is,-0.08333333333333333
1396698397_1328060750,be,-0.08333333333333333
1396698397_1328060750,this,-0.08333333333333333
1396698397_1328060750,we,-0.08333333333333333
1396698397_1328060750,all,-0.08333333333333333
1396698397_1328060750,your,-0.08333333333333333
1396698397_1328060750,why,-0.08333333333333333
1396698397_1328060750,so,-0.08333333333333333
363961928_1729841617,I,-0.08333333333333333
405728790_2398245474,to,-0.09523809523809523
55592183_363961928,now,-0.09999999999999998
1906234147_467781586,to,-0.1
363961928_99381112,of,-0.1
363961928_99381112,and,-0.1
363961928_99381112,you,-0.1
363961928_99381112,that,-0.1
363961928_99381112,on,-0.1
363961928_99381112,no,-0.1
379408088_1604280403,you,-0.1
379408088_1604280403,for,-0.1
379408088_1604280403,need,-0.1
379408088_1604280403,go,-0.1
405728790_2482534992,of,-0.1
405728790_2482534992,too,-0.1
405728790_2482534992,this,-0.1
405728790_2482534992,day,-0.1
405728790_68966191,is,-0.1
405728790_68966191,should,-0.1
163645988_139539038,the,-0.1111111111111111
163645988_139539038,of,-0.1111111111111111
163645988_139539038,in,-0.1111111111111111
163645988_139539038,I,-0.1111111111111111
163645988_139539038,day,-0.1111111111111111
163645988_139539038,good,-0.1111111111111111
1906234147_2419851452,and,-0.1111111111111111
1906234147_2419851452,that,-0.1111111111111111
1906234147_2419851452,we,-0.1111111111111111
1906234147_2419851452,all,-0.1111111111111111
1906234147_2419851452,next,-0.1111111111111111
1906234147_2566565666,to,-0.1111111111111111
1906234147_2566565666,just,-0.1111111111111111
1906234147_2566565666,on,-0.1111111111111111
1906234147_2566565666,be,-0.1111111111111111
1906234147_2566565666,this,-0.1111111111111111
1906234147_2566565666,home,-0.1111111111111111
1906234147_2566565666,like,-0.1111111111111111
1906234147_2566565666,go,-0.1111111111111111
308297673_139539038,just,-0.1111111111111111
308297673_139539038,I,-0.1111111111111111
308297673_139539038,this,-0.1111111111111111
330705266_2711961214,more,-0.125
379408088_484961764,for,-0.125
379408088_484961764,sure,-0.125
1396698397_2684899689,your,-0.12903225806451613
1396698397_2684899689,more,-0.12903225806451613
139539038_308297673,to,-0.13333333333333333
139539038_308297673,just,-0.13333333333333333
139539038_308297673,at,-0.13333333333333333
139539038_308297673,when,-0.13333333333333333
139539038_308297673,like,-0.13333333333333333
1906234147_1328060750,be,-0.14285714285714285
363961928_2419851452,to,-0.14285714285714285
363961928_2419851452,I,-0.14285714285714285
363961928_2419851452,back,-0.14285714285714285
379408088_1328060750,the,-0.14285714285714285
379408088_1328060750,am,-0.14285714285714285
1906234147_467781586,you,-0.15
1906234147_467781586,I,-0.15
330705266_1328060750,what,-0.15384615384615385
1906234147_1396698397,I,-0.16666666666666663
1396698397_1328060750,to,-0.16666666666666666
1396698397_1328060750,you,-0.16666666666666666
1906234147_2744930975,love,-0.16666666666666666
278328390_382402366,a,-0.16666666666666666
382402366_467781586,that,-0.16666666666666666
405728790_1536302137,a,-0.16666666666666666
405728790_1536302137,on,-0.16666666666666666
405728790_1536302137,I,-0.16666666666666666
405728790_1536302137,day,-0.16666666666666666
1088207396_2419851452,no,-0.2
1906234147_2825905798,the,-0.2
1906234147_2825905798,that,-0.2
1906234147_467781586,me,-0.2
278328390_467781586,a,-0.2
278328390_467781586,I,-0.2
278328390_467781586,do,-0.2
278328390_467781586,no,-0.2
363961928_99381112,is,-0.2
382402366_2566565666,of,-0.2
405728790_1604280403,the,-0.2
405728790_2482534992,with,-0.2
405728790_2482534992,my,-0.2
405728790_2825905798,my,-0.2
405728790_68966191,that,-0.2
405728790_68966191,your,-0.2
55592183_363961928,the,-0.2
55592183_363961928,there,-0.2
840897602_2419851452,do,-0.2
1906234147_2419851452,people,-0.2222222222222222
1906234147_2566565666,when,-0.2222222222222222
139539038_163645988,the,-0.25
139539038_163645988,a,-0.25
1906234147_858126522,I,-0.25
1906234147_858126522,don't,-0.25
330705266_2519340408,too,-0.25
363961928_1396698397,so,-0.25
379408088_484961764,I,-0.25
1396698397_841076833,I,-0.2857142857142857
379408088_1604280403,I,-0.3
405728790_2482534992,you,-0.3
139539038_163645988,in,-0.3333333333333333
163730859_1631064974,you,-0.3333333333333333
163730859_2541854413,a,-0.3333333333333333
1906234147_1396698397,my,-0.3333333333333333
1906234147_2744930975,to,-0.3333333333333333
1906234147_363961928,it,-0.3333333333333333
1906234147_363961928,I,-0.3333333333333333
1906234147_379408088,I,-0.3333333333333333
363961928_2582957044,I,-0.3333333333333333
363961928_484961764,I,-0.3333333333333333
363961928_55592183,the,-0.3333333333333333
363961928_55592183,to,-0.3333333333333333
363961928_55592183,in,-0.3333333333333333
379408088_1906234147,so,-0.3333333333333333
379408088_1906234147,me,-0.3333333333333333
389238190_1536302137,of,-0.3333333333333333
389238190_1536302137,one,-0.3333333333333333
405728790_2671372639,the,-0.3333333333333333
1906234147_858126522,you,-0.375
405728790_2825905798,I,-0.4
1396698397_2609837026,I,-0.5
1396698397_2609837026,will,-0.5
1705991035_2541854413,for,-0.5
1705991035_2541854413,so,-0.5
1705991035_2541854413,my,-0.5
278328390_2825905798,the,-0.5
330705266_55592183,to,-0.5
363961928_326492577,the,-0.5
363961928_326492577,don't,-0.5
379408088_2225825663,you,-0.5
379408088_2448169998,a,-0.5
379408088_68966191,the,-0.5
379408088_68966191,on,-0.5
278328390_484961764,to,-0.6666666666666666
389238190_1536302137,your,-0.6666666666666666
