ba,nba,bna,nbna,vspeak,vreply,sid,rid,category,pyalign,dnm,lo1,sd0,pa1,pb1,nu
8,2,7,1,FALSE,FALSE,105966714,16868756,PRO,-0.0645385211375712,-0.0333333333333333,-0.0645385211375706,-0.0333333333333333,-0.0763729787845739,-0.0805263836200876,18
8,2,2,0,FALSE,FALSE,105966714,17943537,PRO,0,-0.0333333333333333,0,-0.0333333333333333,-0.162204414634355,-0.162204414634355,12
18,23,19,19,FALSE,FALSE,105966714,64591392,PRO,-0.123613955967177,-0.0293300401358444,-0.123613955967177,-0.0293300401358444,-0.126699125256873,-0.126839573696526,79
3,3,1,4,FALSE,FALSE,105966714,6631,PRO,0.559615787935423,0.136363636363636,0.559615787935423,0.136363636363636,0.676197622246172,0.748717031714756,11
1,0,0,1,FALSE,FALSE,1064150616,280935165,PRO,0.693147180559945,0.5,0.693147180559945,0.5,1.09861228866811,1.09861228866811,2
16,15,4,6,FALSE,FALSE,1064150616,387237264,PRO,0.212174519943636,0.028324154209284,0.212174519943636,0.028324154209284,0.191494103657247,0.233416688432623,41
1,0,1,0,FALSE,TRUE,10778572,17837051,PRO,0,0,0,0,0,0,2
8,13,9,6,FALSE,FALSE,10778572,281877818,PRO,-0.40764138753076,-0.0912698412698413,-0.40764138753076,-0.0912698412698413,-0.428656871252149,-0.43002443179464,36
2,2,1,3,FALSE,FALSE,1101561128,14608335,PRO,0.405465108108164,0.125,0.405465108108165,0.125,0.510825623765991,0.54654370636807,8
1,1,1,8,FALSE,FALSE,1101561128,18300968,PRO,1.01160091167848,0.318181818181818,1.01160091167848,0.318181818181818,1.20397280432594,1.20397280432594,11
0,1,0,1,FALSE,FALSE,1101561128,23116875,PRO,0,0,0,0,0,NA,2
12,9,16,16,FALSE,FALSE,1101561128,45560271,PRO,0.122602322092332,0.0431266846361186,0.122602322092332,0.0431266846361186,0.125806001327383,0.128381166648207,53
2,2,1,2,FALSE,TRUE,1101561128,57268394,PRO,0.22314355131421,0.0714285714285715,0.22314355131421,0.0714285714285715,0.269332933783584,0.307484699747961,7
3,6,1,3,FALSE,FALSE,1101561128,6631,PRO,0.0870113769896299,0.0256410256410256,0.0870113769896297,0.0256410256410256,0.0870113769896295,0.234839591077401,13
1,2,1,0,FALSE,FALSE,121880052,59532329,PRO,-0.51082562376599,-0.166666666666667,-0.51082562376599,-0.166666666666667,-0.693147180559945,-0.693147180559945,4
1,0,3,3,FALSE,FALSE,1271500922,2542847994,PRO,0.287682072451781,0.428571428571429,0.287682072451781,0.428571428571429,0.241162056816888,0.431782416425538,7
1,0,0,1,FALSE,FALSE,14096763,1101561128,PRO,0.693147180559945,0.5,0.693147180559945,0.5,1.09861228866811,1.09861228866811,2
1,2,3,1,FALSE,TRUE,14096763,14230772,PRO,-0.51082562376599,-0.238095238095238,-0.51082562376599,-0.238095238095238,-0.65232518603969,-0.59783700075562,7
0,1,1,0,FALSE,FALSE,14096763,14608335,PRO,-0.693147180559945,-0.5,-0.693147180559945,-0.5,-1.09861228866811,-1.09861228866811,2
2,0,1,0,FALSE,TRUE,14096763,15446531,PRO,0.117783035656384,0,0.117783035656384,0,0.0645385211375711,0,3
1,1,0,2,FALSE,FALSE,14096763,18101656,PRO,0.693147180559945,0.25,0.693147180559945,0.25,1.09861228866811,1.6094379124341,4
1,0,0,1,FALSE,FALSE,14096763,18300968,PRO,0.693147180559945,0.5,0.693147180559945,0.5,1.09861228866811,1.09861228866811,2
4,9,10,10,FALSE,FALSE,14096763,23116875,PRO,-0.405465108108164,-0.116550116550117,-0.405465108108165,-0.116550116550117,-0.455531596637201,-0.451569927556897,33
2,1,3,3,FALSE,FALSE,14096763,45560271,PRO,0.182321556793955,0.111111111111111,0.182321556793955,0.111111111111111,0.20294084399669,0.229374101064846,9
1,3,0,1,FALSE,TRUE,14096763,57268394,PRO,0,0.05,2.22044604925031e-16,0.05,-0.105360515657826,0.8754687373539,5
5,7,6,6,FALSE,FALSE,14096763,62633125,PRO,-0.154150679827258,-0.0416666666666666,-0.154150679827258,-0.0416666666666666,-0.167054084663166,-0.168227793718095,24
15,8,7,7,FALSE,FALSE,14096763,6631,PRO,0.246860077931526,0.0575793184488836,0.246860077931526,0.0575793184488836,0.247663168488528,0.249483967928618,37
2,3,0,2,FALSE,FALSE,141849481,1630541588,PRO,0.538996500732687,0.114285714285714,0.538996500732687,0.114285714285714,0.641853886172395,1.38629436111989,7
2,0,0,2,FALSE,FALSE,141849481,1703256930,PRO,1.09861228866811,0.5,1.09861228866811,0.5,1.6094379124341,1.6094379124341,4
3,11,1,8,FALSE,FALSE,141849481,2454357277,PRO,0.318453731118535,0.0403726708074534,0.318453731118535,0.0403726708074534,0.402457587044209,0.589157467035898,23
0,1,1,0,TRUE,FALSE,14230772,14096763,PRO,-0.693147180559945,-0.5,-0.693147180559945,-0.5,-1.09861228866811,-1.09861228866811,2
6,4,2,5,TRUE,FALSE,14230772,14608335,PRO,0.559615787935423,0.129411764705882,0.559615787935423,0.129411764705882,0.615855506258298,0.644357016390513,17
1,0,1,0,TRUE,TRUE,14230772,17142046,PRO,0,0,0,0,0,0,2
11,7,1,2,TRUE,FALSE,14230772,176644153,PRO,0.405465108108164,0.0396825396825398,0.405465108108164,0.0396825396825398,0.295746632288512,0.438409263827518,21
10,6,5,5,TRUE,TRUE,14230772,17837051,PRO,0.200670695462151,0.0480769230769231,0.200670695462152,0.0480769230769231,0.201476172750968,0.204719283988151,26
1,2,1,3,TRUE,FALSE,14230772,18101656,PRO,0.182321556793955,0.0476190476190476,0.182321556793955,0.0476190476190476,0.22314355131421,0.223143551314209,7
13,20,11,12,TRUE,TRUE,14230772,259498996,PRO,-0.182321556793955,-0.0346320346320346,-0.182321556793955,-0.0346320346320346,-0.18910605311062,-0.187038546672093,56
2,5,0,1,TRUE,FALSE,14230772,62633125,PRO,0,0.0357142857142857,0,0.0357142857142857,-0.196710294246054,0.810930216216329,8
9,11,4,10,TRUE,FALSE,14230772,6631,PRO,0.374693449441411,0.0676470588235294,0.37469344944141,0.0676470588235294,0.400569137495958,0.424772560218173,34
1,0,0,1,FALSE,FALSE,14608335,1101561128,PRO,0.693147180559945,0.5,0.693147180559945,0.5,1.09861228866811,1.09861228866811,2
1,0,1,2,FALSE,TRUE,14608335,14230772,PRO,0.51082562376599,0.5,0.51082562376599,0.5,0.693147180559945,0.693147180559945,4
4,4,4,2,FALSE,TRUE,14608335,17837051,PRO,-0.22314355131421,-0.0714285714285714,-0.22314355131421,-0.0714285714285714,-0.251314428280906,-0.251314428280906,14
17,12,4,16,FALSE,FALSE,14608335,18101656,PRO,0.937989094335234,0.157635467980296,0.937989094335234,0.157635467980296,0.98647992452054,1.01335889630938,49
0,1,0,1,FALSE,FALSE,14608335,18300968,PRO,0,0,0,0,0,NA,2
0,4,2,2,FALSE,TRUE,14608335,259498996,PRO,-1.09861228866811,-0.25,-1.09861228866811,-0.25,-1.6094379124341,-2.19722457733622,8
0,1,4,1,FALSE,FALSE,14608335,281877818,PRO,-0.762140052046897,-0.666666666666667,-0.762140052046897,-0.666666666666667,-2.12026353620009,-0.847297860387204,6
0,1,1,4,FALSE,FALSE,14608335,62633125,PRO,0.154150679827258,-0.166666666666667,0.154150679827258,-0.166666666666667,-0.847297860387204,-0.847297860387204,6
9,10,5,18,FALSE,FALSE,14608335,6631,PRO,0.685179010910768,0.140350877192982,0.685179010910768,0.140350877192982,0.732535833926906,0.741937344729378,42
14,13,3,8,FALSE,FALSE,15108640,21518732,PRO,0.519409367457382,0.0711500974658869,0.519409367457382,0.0711500974658869,0.530091722389727,0.585603257921176,38
25,15,8,12,FALSE,FALSE,1524593612,202967558,PRO,0.41424479576021,0.075,0.41424479576021,0.075,0.416659254851317,0.42565640472016,60
4,15,2,6,FALSE,FALSE,1524593612,2542847994,PRO,-0.231111720963387,-0.0116959064327485,-0.231111720963387,-0.0116959064327485,-0.244780050907571,-0.156653810045376,27
7,2,0,1,FALSE,FALSE,1524593612,2787488924,PRO,0.780158557549575,0.0777777777777778,0.780158557549575,0.0777777777777778,0.562785362696702,0.78845736036427,10
3,6,1,1,FALSE,FALSE,1524593612,368174870,PRO,-0.318453731118535,-0.0303030303030303,-0.318453731118535,-0.0303030303030303,-0.462035459596559,-0.301105092783922,11
1,2,0,2,FALSE,FALSE,1524593612,801478310,PRO,0.470003629245736,0.133333333333333,0.470003629245736,0.133333333333333,0.693147180559946,1.50407739677627,5
6,6,0,3,TRUE,FALSE,15446531,10778572,PRO,0.916290731874155,0.1,0.916290731874155,0.1,0.961411167154625,1.59393372589814,15
1,2,1,0,TRUE,TRUE,15446531,14230772,PRO,-0.51082562376599,-0.166666666666667,-0.51082562376599,-0.166666666666667,-0.693147180559945,-0.693147180559945,4
1,2,2,2,TRUE,FALSE,15446531,14608335,PRO,-0.22314355131421,-0.0952380952380952,-0.22314355131421,-0.0952380952380952,-0.307484699747961,-0.307484699747961,7
11,5,7,13,TRUE,FALSE,15446531,159904799,PRO,0.606135803570315,0.1875,0.606135803570316,0.1875,0.641345462505877,0.638753108494146,36
0,2,4,4,TRUE,TRUE,15446531,17142046,PRO,-0.693147180559945,-0.4,-0.693147180559945,-0.4,-1.94591014905531,-1.29928298413026,10
0,1,0,1,TRUE,FALSE,15446531,18101656,PRO,0,0,0,0,0,NA,2
3,1,2,3,TRUE,FALSE,15446531,327337127,PRO,0.441832752279039,0.194444444444444,0.441832752279039,0.194444444444444,0.525266307920785,0.512563243664532,9
8,7,8,24,TRUE,FALSE,15446531,6631,PRO,0.693147180559945,0.19290780141844,0.693147180559945,0.19290780141844,0.723918839226699,0.723918839226699,47
1,2,2,3,FALSE,FALSE,159904799,14608335,PRO,-0.0689928714869513,-0.0416666666666667,-0.0689928714869514,-0.0416666666666667,-0.141078598259905,-0.141078598259905,8
4,12,11,7,FALSE,TRUE,159904799,15446531,PRO,-0.770108221696074,-0.191176470588235,-0.770108221696074,-0.191176470588235,-0.831040583167192,-0.835073871693297,34
2,2,0,3,FALSE,TRUE,159904799,17142046,PRO,0.916290731874155,0.214285714285714,0.916290731874155,0.214285714285714,1.28093384546206,1.85629799036563,7
1,1,1,2,FALSE,FALSE,159904799,18101656,PRO,0.22314355131421,0.1,0.22314355131421,0.1,0.287682072451781,0.287682072451781,5
10,12,15,6,FALSE,FALSE,159904799,281877818,PRO,-0.417253063860207,-0.126849894291755,-0.417253063860207,-0.126849894291755,-0.433559628654226,-0.431432056004895,43
11,8,15,10,FALSE,FALSE,159904799,327337127,PRO,-0.0363676441708749,-0.0119617224880383,-0.0363676441708747,-0.0119617224880383,-0.0376666929914653,-0.0341026375400229,44
2,3,5,1,FALSE,FALSE,1630541588,141849481,PRO,-0.559615787935423,-0.236363636363636,-0.559615787935423,-0.236363636363636,-0.644357016390513,-0.605687875231359,11
5,7,2,3,FALSE,FALSE,1630541588,2226917486,PRO,0,0.00490196078431376,0,0.00490196078431376,-0.027120306219194,0.0350266221112507,17
4,1,1,1,FALSE,FALSE,1630541588,2326078148,PRO,0.356674943938732,0.0857142857142857,0.356674943938732,0.0857142857142857,0.318453731118535,0.318453731118535,7
2,10,3,16,FALSE,FALSE,1630541588,2454357277,PRO,0.117783035656383,0.0053763440860215,0.117783035656384,0.0053763440860215,0.0808876591391003,0.0505080568128484,31
1,0,1,0,FALSE,FALSE,1630541588,2516112662,PRO,0,0,0,0,0,0,2
1,1,1,3,FALSE,FALSE,1630541588,2644700574,PRO,0.405465108108164,0.166666666666667,0.405465108108164,0.166666666666667,0.51082562376599,0.51082562376599,6
12,6,2,4,FALSE,FALSE,16868756,105966714,PRO,0.550046336919272,0.0833333333333333,0.550046336919272,0.0833333333333333,0.535401529814828,0.584763802218651,24
0,1,1,4,FALSE,FALSE,16868756,17943537,PRO,0.154150679827258,-0.166666666666667,0.154150679827258,-0.166666666666667,-0.847297860387204,-0.847297860387204,6
11,7,3,8,FALSE,FALSE,16868756,64591392,PRO,0.667829372575655,0.128352490421456,0.667829372575656,0.128352490421456,0.706590250816399,0.733489643760744,29
4,3,0,1,FALSE,FALSE,1703256930,141849481,PRO,0.510825623765991,0.0714285714285714,0.51082562376599,0.0714285714285714,0.331357135954443,0.810930216216329,8
2,1,2,1,FALSE,FALSE,1703256930,2226917486,PRO,0,0,0,0,0,0,6
3,6,1,3,FALSE,FALSE,1703256930,2454357277,PRO,0.0870113769896299,0.0256410256410256,0.0870113769896297,0.0256410256410256,0.0870113769896295,0.234839591077401,13
0,4,2,1,FALSE,FALSE,1703256930,2644700574,PRO,-1.28093384546206,-0.285714285714286,-1.28093384546206,-0.285714285714286,-1.72722094809048,-2.30258509299405,7
1,0,0,1,TRUE,TRUE,17142046,14230772,PRO,0.693147180559945,0.5,0.693147180559945,0.5,1.09861228866811,1.09861228866811,2
4,0,0,2,TRUE,TRUE,17142046,15446531,PRO,1.20397280432594,0.333333333333333,1.20397280432594,0.333333333333333,1.43508452528932,1.43508452528932,6
2,0,2,0,TRUE,FALSE,17142046,159904799,PRO,0,0,0,0,0,0,4
1,1,3,0,TRUE,TRUE,17142046,17837051,PRO,-0.470003629245736,-0.3,-0.470003629245735,-0.3,-0.599621122549122,-0.45953232937844,5
7,3,5,2,FALSE,TRUE,176644153,14230772,PRO,0,-0.00588235294117656,0,-0.00588235294117656,-0.0125182183574037,-0.0179673864207666,17
3,3,3,4,FALSE,TRUE,176644153,259498996,PRO,0.117783035656383,0.0384615384615384,0.117783035656384,0.0384615384615384,0.133531392624523,0.133531392624523,13
12,7,10,19,FALSE,FALSE,176644153,283734762,PRO,0.556518851424889,0.173245614035088,0.556518851424889,0.173245614035088,0.581420417902276,0.580455742367067,48
2,0,0,1,TRUE,FALSE,17837051,10778572,PRO,0.810930216216329,0.333333333333333,0.810930216216329,0.333333333333333,0.980829253011726,0.980829253011726,3
3,1,2,1,TRUE,FALSE,17837051,1101561128,PRO,0.105360515657826,0.0357142857142857,0.105360515657826,0.0357142857142857,0.105360515657826,0.0905140075408317,7
0,2,0,1,TRUE,FALSE,17837051,14096763,PRO,-0.287682072451781,0,-0.287682072451781,0,-0.405465108108164,NA,3
16,9,4,8,TRUE,TRUE,17837051,14230772,PRO,0.566995895233045,0.0994594594594594,0.566995895233045,0.0994594594594594,0.578430248847663,0.599621122549122,37
15,13,8,9,TRUE,FALSE,17837051,14608335,PRO,0.118605742407847,0.0246031746031746,0.118605742407846,0.0246031746031746,0.117427480097082,0.123260041491417,45
3,1,1,0,TRUE,TRUE,17837051,17142046,PRO,0,-0.05,2.22044604925031e-16,-0.05,-0.169076330043934,-0.169076330043934,5
9,10,4,2,TRUE,FALSE,17837051,18101656,PRO,-0.271933715483642,-0.0463157894736843,-0.271933715483641,-0.0463157894736843,-0.331777392317005,-0.304939269539543,25
2,1,0,4,TRUE,FALSE,17837051,18300968,PRO,1.28093384546206,0.380952380952381,1.28093384546206,0.380952380952381,1.95774460670232,2.30258509299405,7
0,2,0,2,TRUE,FALSE,17837051,21518732,PRO,0,0,0,0,2.22044604925031e-16,NA,4
1,1,0,2,TRUE,FALSE,17837051,23116875,PRO,0.693147180559945,0.25,0.693147180559945,0.25,1.09861228866811,1.6094379124341,4
5,1,5,10,TRUE,TRUE,17837051,259498996,PRO,0.75377180237638,0.357142857142857,0.75377180237638,0.357142857142857,0.826678573184468,0.826678573184468,21
19,25,6,19,TRUE,FALSE,17837051,45560271,PRO,0.517017594013912,0.0694993412384717,0.517017594013912,0.0694993412384717,0.536121597450779,0.564369989272582,69
6,11,3,5,TRUE,FALSE,17837051,62633125,PRO,-0.0822380982369723,-0.00705882352941173,-0.0822380982369717,-0.00705882352941173,-0.0969419451922304,-0.0550597771830268,25
8,11,2,5,TRUE,FALSE,17837051,6631,PRO,0.251314428280906,0.0364372469635627,0.251314428280906,0.0364372469635627,0.245979408565932,0.341069945869843,26
1,1,0,1,FALSE,FALSE,17943537,105966714,PRO,0.405465108108164,0.166666666666667,0.405465108108164,0.166666666666667,0.51082562376599,0.980829253011726,3
1,3,1,1,FALSE,FALSE,17943537,16868756,PRO,-0.405465108108164,-0.0833333333333333,-0.405465108108164,-0.0833333333333333,-0.51082562376599,-0.51082562376599,6
8,6,6,1,FALSE,FALSE,17943537,64591392,PRO,-0.324049716622656,-0.0952380952380952,-0.324049716622655,-0.0952380952380952,-0.366244394954883,-0.366244394954883,21
2,0,1,0,FALSE,TRUE,18101656,14230772,PRO,0.117783035656384,0,0.117783035656384,0,0.0645385211375711,0,3
15,9,9,12,FALSE,FALSE,18101656,14608335,PRO,0.347401307153403,0.0916666666666667,0.347401307153403,0.0916666666666667,0.360360451795909,0.360360451795909,45
0,1,0,1,FALSE,FALSE,18101656,159904799,PRO,0,0,0,0,0,NA,2
7,3,2,2,FALSE,TRUE,18101656,17837051,PRO,0.287682072451781,0.0571428571428571,0.287682072451781,0.0571428571428571,0.256087707033563,0.273453561453411,14
6,13,6,11,FALSE,FALSE,18101656,6631,PRO,-0.100083458556983,-0.0175438596491228,-0.100083458556983,-0.0175438596491228,-0.105360515657826,-0.105360515657826,36
0,4,1,5,FALSE,FALSE,18300968,1101561128,PRO,-0.405465108108164,-0.1,-0.405465108108165,-0.1,-0.916290731874155,-2.06142303617716,10
1,2,1,0,FALSE,FALSE,18300968,14608335,PRO,-0.51082562376599,-0.166666666666667,-0.51082562376599,-0.166666666666667,-0.693147180559945,-0.693147180559945,4
1,1,0,3,FALSE,TRUE,18300968,17837051,PRO,0.916290731874155,0.3,0.916290731874155,0.3,1.54044504094715,2.07944154167984,5
1,1,3,3,FALSE,FALSE,18300968,23116875,PRO,0,0,0,0,-0.108213584640233,-2.22044604925031e-16,8
10,9,13,11,FALSE,FALSE,18300968,45560271,PRO,-0.0275879565188289,-0.00856793145654833,-0.0275879565188286,-0.00856793145654833,-0.029407429615913,-0.0274347709341942,43
11,12,7,1,FALSE,FALSE,18300968,62633125,PRO,-0.510825623765991,-0.102384291725105,-0.51082562376599,-0.102384291725105,-0.564314308716977,-0.557092378667606,31
21,11,12,12,FALSE,FALSE,202967558,1524593612,PRO,0.2578291093021,0.0669642857142857,0.2578291093021,0.0669642857142857,0.262311285738439,0.261719311204244,56
1,0,0,1,FALSE,FALSE,202967558,2326631202,PRO,0.693147180559945,0.5,0.693147180559945,0.5,1.09861228866811,1.09861228866811,2
1,0,0,1,FALSE,FALSE,202967558,2393106786,PRO,0.693147180559945,0.5,0.693147180559945,0.5,1.09861228866811,1.09861228866811,2
5,2,0,6,FALSE,FALSE,202967558,2542847994,PRO,1.67397643357167,0.32967032967033,1.67397643357167,0.32967032967033,2.19722457733622,2.50552593699074,13
3,14,8,9,FALSE,FALSE,202967558,2787488924,PRO,-0.810930216216329,-0.147058823529412,-0.810930216216329,-0.147058823529412,-0.887303195000903,-0.918059078930897,34
3,3,1,1,FALSE,FALSE,202967558,507910985,PRO,0,0,2.22044604925031e-16,0,-0.0851578083403066,2.22044604925031e-16,8
7,4,8,7,FALSE,FALSE,202967558,801478310,PRO,0.150480950938296,0.0594405594405595,0.150480950938296,0.0594405594405595,0.161300531540165,0.16371402972965,26
0,1,0,1,FALSE,TRUE,204317520,24922570,PRO,0,0,0,0,0,NA,2
7,3,3,3,FALSE,FALSE,204317520,280935165,PRO,0.287682072451781,0.075,0.287682072451781,0.075,0.29159291044378,0.29159291044378,16
37,12,19,7,FALSE,FALSE,204317520,388051243,PRO,0.0422327636232729,0.00843537414965978,0.0422327636232729,0.00843537414965978,0.0339883864400341,0.031726331420284,75
6,3,15,9,FALSE,FALSE,21518732,15108640,PRO,0.0335226920386435,0.0303030303030303,0.0335226920386433,0.0303030303030303,0.0264332570681547,0.0592556962090929,33
1,1,0,2,FALSE,FALSE,2226917486,141849481,PRO,0.693147180559945,0.25,0.693147180559945,0.25,1.09861228866811,1.6094379124341,4
4,7,4,1,FALSE,FALSE,2226917486,1630541588,PRO,-0.619039208406224,-0.136363636363636,-0.619039208406224,-0.136363636363636,-0.693147180559945,-0.693147180559945,16
0,4,1,2,FALSE,FALSE,2226917486,1703256930,PRO,-0.8754687373539,-0.142857142857143,-0.8754687373539,-0.142857142857143,-1.23474446299269,-2.30258509299405,7
2,1,1,1,FALSE,FALSE,2226917486,2405927125,PRO,0.182321556793955,0.0666666666666667,0.182321556793955,0.0666666666666667,0.19782574332992,0.19782574332992,5
1,13,1,9,FALSE,FALSE,2226917486,2454357277,PRO,-0.287682072451781,-0.0119047619047619,-0.287682072451781,-0.0119047619047619,-0.310154928303839,-0.310154928303839,24
3,8,3,6,FALSE,FALSE,2226917486,2644700574,PRO,-0.167054084663166,-0.0272727272727273,-0.167054084663166,-0.0272727272727273,-0.182321556793954,-0.182321556793954,20
6,5,11,5,FALSE,FALSE,2226917486,969577423,PRO,-0.213574100298059,-0.0841750841750842,-0.213574100298059,-0.0841750841750842,-0.228501494207579,-0.213700485799283,27
0,1,1,0,FALSE,FALSE,23116875,1101561128,PRO,-0.693147180559945,-0.5,-0.693147180559945,-0.5,-1.09861228866811,-1.09861228866811,2
3,7,2,3,FALSE,FALSE,23116875,14096763,PRO,-0.251314428280906,-0.0333333333333333,-0.251314428280906,-0.0333333333333333,-0.287682072451781,-0.249460859631583,15
0,1,0,1,FALSE,TRUE,23116875,17837051,PRO,0,0,0,0,0,NA,2
2,2,2,4,FALSE,FALSE,23116875,18300968,PRO,0.287682072451781,0.1,0.287682072451781,0.1,0.336472236621213,0.336472236621213,10
1,2,6,2,FALSE,TRUE,23116875,57268394,PRO,-0.559615787935423,-0.303030303030303,-0.559615787935422,-0.303030303030303,-0.784118958765672,-0.589157467035898,11
1,2,1,2,FALSE,FALSE,23116875,6631,PRO,0,0,0,0,0,0,6
1,2,0,3,FALSE,FALSE,2326078148,1630541588,PRO,0.693147180559945,0.166666666666667,0.693147180559945,0.166666666666667,1.09861228866811,1.94591014905531,6
2,2,1,0,FALSE,FALSE,2326078148,2405927125,PRO,-0.287682072451781,-0.1,-0.287682072451781,-0.1,-0.474457979595116,-0.430782916092454,5
6,9,2,21,FALSE,FALSE,2326078148,2454357277,PRO,1.23296034119919,0.189473684210526,1.23296034119919,0.189473684210526,1.38766704493186,1.43848011429046,38
16,2,15,6,FALSE,FALSE,2326631202,2393106786,PRO,0.200386564191594,0.094017094017094,0.200386564191594,0.094017094017094,0.209274581154651,0.207991746293608,39
0,5,0,2,FALSE,FALSE,2326631202,2542847994,PRO,-0.559615787935423,0,-0.559615787935423,0,-0.693147180559945,NA,7
1,0,2,4,FALSE,FALSE,2326631202,2680501463,PRO,0.575364144903562,0.571428571428571,0.575364144903562,0.571428571428571,0.624154309072994,0.722134717433198,7
2,6,1,0,FALSE,FALSE,2326631202,2787488924,PRO,-0.798507696217772,-0.0833333333333333,-0.798507696217772,-0.0833333333333333,-1.07919420281101,-0.944461608840851,9
0,7,4,2,FALSE,FALSE,2326631202,2834753988,PRO,-1.72722094809048,-0.307692307692308,-1.72722094809048,-0.307692307692308,-2.26515868747493,-2.77258872223978,13
0,1,0,9,FALSE,FALSE,2326631202,368174870,PRO,1.29928298413026,0,1.29928298413026,0,1.6094379124341,NA,10
9,3,1,6,FALSE,FALSE,2326631202,507910985,PRO,1.16760516015506,0.223684210526316,1.16760516015506,0.223684210526316,1.28999113257457,1.34569338549765,19
11,20,8,15,FALSE,FALSE,2326631202,801478310,PRO,0.0100503358535016,0.00298685782556751,0.0100503358535011,0.00298685782556751,0.0123425231983867,0.0192155239817522,54
8,24,1,6,FALSE,FALSE,2393106786,2326631202,PRO,0.174941449496332,0.0192307692307692,0.174941449496332,0.0192307692307692,0.160895760545438,0.48317409243548,39
4,6,1,7,FALSE,FALSE,2393106786,801478310,PRO,0.7339691750802,0.122222222222222,0.733969175080201,0.122222222222222,0.873844041626898,1.00764051046238,18
0,1,1,0,FALSE,FALSE,2405927125,2226917486,PRO,-0.693147180559945,-0.5,-0.693147180559945,-0.5,-1.09861228866811,-1.09861228866811,2
1,0,1,0,FALSE,FALSE,2405927125,2326078148,PRO,0,0,0,0,0,0,2
7,8,1,6,FALSE,FALSE,2405927125,2454357277,PRO,0.750305594399894,0.103030303030303,0.750305594399894,0.103030303030303,0.825833621718904,0.993251773010283,22
2,3,11,4,FALSE,FALSE,2454357277,141849481,PRO,-0.498991166118988,-0.25,-0.498991166118988,-0.25,-0.628608659422374,-0.499917287001853,20
0,1,4,7,FALSE,FALSE,2454357277,1630541588,PRO,-0.143100843640673,-0.333333333333333,-0.143100843640673,-0.333333333333333,-2.10006082888257,-0.773189888233481,12
3,1,1,3,FALSE,FALSE,2454357277,1703256930,PRO,0.693147180559945,0.25,0.693147180559945,0.25,0.847297860387204,0.847297860387204,8
1,0,2,9,FALSE,FALSE,2454357277,2226917486,PRO,1.06087196068526,0.75,1.06087196068526,0.75,1.13783300182139,1.20397280432594,12
6,3,2,11,FALSE,FALSE,2454357277,2326078148,PRO,1.15745278869104,0.303030303030303,1.15745278869104,0.303030303030303,1.31494021344726,1.32687094064909,22
2,2,4,2,FALSE,FALSE,2454357277,2405927125,PRO,-0.22314355131421,-0.1,-0.22314355131421,-0.1,-0.269663566949103,-0.2340726218464,10
1,1,0,1,TRUE,FALSE,24613756,1524593612,PRO,0.405465108108164,0.166666666666667,0.405465108108164,0.166666666666667,0.51082562376599,0.980829253011726,3
1,1,0,1,TRUE,FALSE,24613756,2834753988,PRO,0.405465108108164,0.166666666666667,0.405465108108164,0.166666666666667,0.51082562376599,0.980829253011726,3
2,0,1,0,TRUE,FALSE,24613756,368174870,PRO,0.117783035656384,0,0.117783035656384,0,0.0645385211375711,0,3
0,1,1,1,TRUE,FALSE,24613756,507910985,PRO,-0.405465108108164,-0.333333333333333,-0.405465108108164,-0.333333333333333,-0.980829253011726,-0.980829253011726,3
2,2,1,3,TRUE,FALSE,24922570,204317520,PRO,0.405465108108164,0.125,0.405465108108165,0.125,0.510825623765991,0.54654370636807,8
3,1,1,1,TRUE,FALSE,24922570,388051243,PRO,0.287682072451781,0.0833333333333334,0.287682072451781,0.0833333333333334,0.27763173659828,0.27763173659828,6
1,1,0,2,FALSE,FALSE,2516112662,1630541588,PRO,0.693147180559945,0.25,0.693147180559945,0.25,1.09861228866811,1.6094379124341,4
0,3,0,2,FALSE,FALSE,2542847994,1271500922,PRO,-0.22314355131421,0,-0.22314355131421,0,-0.287682072451781,NA,5
6,1,8,5,FALSE,FALSE,2542847994,1524593612,PRO,0.259511195485085,0.157142857142857,0.259511195485084,0.157142857142857,0.285809061977259,0.298400288671805,20
5,7,3,3,FALSE,FALSE,2542847994,202967558,PRO,-0.154150679827258,-0.0277777777777777,-0.154150679827258,-0.0277777777777777,-0.183721137148378,-0.161206114780743,18
2,3,5,6,FALSE,FALSE,2542847994,2787488924,PRO,-0.074107972153722,-0.0375,-0.0741079721537217,-0.0375,-0.138586163286147,-0.109199291964992,16
0,2,0,2,FALSE,FALSE,2542847994,2834753988,PRO,0,0,0,0,2.22044604925031e-16,NA,4
1,3,5,7,FALSE,FALSE,2542847994,368174870,PRO,-0.251314428280906,-0.125,-0.251314428280906,-0.125,-0.479573080261886,-0.407793397867755,16
3,2,2,9,FALSE,FALSE,2542847994,801478310,PRO,0.906721280858004,0.2875,0.906721280858004,0.2875,1.05252118146784,1.05252118146784,16
14,7,12,6,TRUE,TRUE,259498996,14230772,PRO,0.00333890126551462,0,0.0033389012655145,0,0.00139334006100444,-4.44089209850063e-16,39
2,2,4,3,TRUE,FALSE,259498996,14608335,PRO,-0.105360515657826,-0.0454545454545454,-0.105360515657826,-0.0454545454545454,-0.143100843640673,-0.109814866007207,11
4,6,6,6,TRUE,FALSE,259498996,176644153,PRO,-0.182321556793955,-0.0545454545454545,-0.182321556793955,-0.0545454545454545,-0.203805494267522,-0.203805494267522,22
3,5,0,5,TRUE,TRUE,259498996,17837051,PRO,1.02961941718116,0.144230769230769,1.02961941718116,0.144230769230769,1.36524095192206,2.23359222150709,13
3,4,1,6,TRUE,FALSE,259498996,62633125,PRO,0.693147180559945,0.142857142857143,0.693147180559945,0.142857142857143,0.847297860387204,0.938269638592931,14
0,1,0,3,TRUE,FALSE,259498996,6631,PRO,0.51082562376599,0,0.51082562376599,0,0.693147180559945,NA,4
0,5,0,1,FALSE,FALSE,2644700574,1630541588,PRO,-0.847297860387204,0,-0.847297860387203,0,-1.09861228866811,NA,6
4,4,2,2,FALSE,FALSE,2644700574,1703256930,PRO,0,0,-4.44089209850063e-16,0,-0.0281708769666964,-2.22044604925031e-16,12
3,7,3,8,FALSE,FALSE,2644700574,2226917486,PRO,0.0800427076735364,0.0142857142857143,0.0800427076735364,0.0142857142857143,0.0870113769896297,0.0870113769896297,21
0,1,0,4,FALSE,FALSE,2644700574,2405927125,PRO,0.693147180559945,0,0.693147180559945,0,0.916290731874155,NA,5
1,5,0,2,FALSE,FALSE,2644700574,969577423,PRO,0,0.0416666666666667,2.22044604925031e-16,0.0416666666666667,2.22044604925031e-16,1.34992671694902,8
0,3,1,2,FALSE,FALSE,2680501463,2326631202,PRO,-0.693147180559945,-0.166666666666667,-0.693147180559945,-0.166666666666667,-1.09861228866811,-1.94591014905531,6
2,6,1,2,FALSE,FALSE,2680501463,507910985,PRO,-0.287682072451781,-0.0227272727272727,-0.287682072451781,-0.0227272727272727,-0.354171813720614,-0.231111720963387,11
0,4,1,1,FALSE,FALSE,2680501463,801478310,PRO,-1.09861228866811,-0.166666666666667,-1.09861228866811,-0.166666666666667,-1.42711635564015,-2.4567357728213,6
7,0,3,2,FALSE,FALSE,2787488924,1524593612,PRO,0.441832752279039,0.166666666666667,0.441832752279039,0.166666666666667,0.461977318371507,0.426971313329128,12
8,11,14,17,FALSE,FALSE,2787488924,202967558,PRO,-0.0588405000229335,-0.0189473684210527,-0.0588405000229333,-0.0189473684210527,-0.069986808553173,-0.0670161956110786,50
1,2,3,3,FALSE,FALSE,2787488924,2326631202,PRO,-0.22314355131421,-0.111111111111111,-0.22314355131421,-0.111111111111111,-0.356674943938733,-0.309422059088187,9
5,10,4,8,FALSE,FALSE,2787488924,2542847994,PRO,-0.0118344576470029,0,-0.0118344576470029,0,-0.0091884260544064,4.44089209850063e-16,27
2,3,0,2,FALSE,FALSE,2787488924,368174870,PRO,0.538996500732687,0.114285714285714,0.538996500732687,0.114285714285714,0.641853886172395,1.38629436111989,7
7,5,9,4,FALSE,FALSE,280935165,204317520,PRO,-0.154150679827258,-0.0566666666666666,-0.154150679827258,-0.0566666666666666,-0.162843552126823,-0.158415533290304,25
20,15,17,3,FALSE,FALSE,281877818,10778572,PRO,-0.36572477945865,-0.101298701298701,-0.36572477945865,-0.101298701298701,-0.381904642314612,-0.38220381144259,55
3,5,4,5,FALSE,FALSE,281877818,14608335,PRO,-0.127833371509885,-0.0367647058823529,-0.127833371509885,-0.0367647058823529,-0.147835380722785,-0.151684587332065,17
6,14,11,6,FALSE,FALSE,281877818,159904799,PRO,-0.685599974924562,-0.159459459459459,-0.685599974924563,-0.159459459459459,-0.721996966899197,-0.727420583127706,37
5,4,5,2,FALSE,FALSE,281877818,327337127,PRO,-0.200670695462151,-0.0694444444444444,-0.200670695462151,-0.0694444444444444,-0.22314355131421,-0.22314355131421,16
4,6,2,7,FALSE,FALSE,281877818,6631,PRO,0.423814246776361,0.0842105263157895,0.423814246776361,0.0842105263157895,0.487836105541292,0.527219433541667,19
2,2,2,7,FALSE,FALSE,2834753988,2326631202,PRO,0.606135803570316,0.192307692307692,0.606135803570316,0.192307692307692,0.693147180559946,0.693147180559946,13
18,17,21,28,FALSE,FALSE,2834753988,507910985,PRO,0.174304245888226,0.0499999999999999,0.174304245888226,0.0499999999999999,0.177590683594569,0.177952006945258,84
7,11,9,21,FALSE,FALSE,2834753988,801478310,PRO,0.246860077931526,0.0555555555555556,0.246860077931526,0.0555555555555556,0.249597555688115,0.248386168501818,48
15,16,14,17,FALSE,FALSE,283734762,176644153,PRO,0.0645385211375712,0.0161290322580646,0.0645385211375711,0.0161290322580646,0.0666913744986721,0.0668352128246421,62
2,3,2,2,FALSE,TRUE,327337127,15446531,PRO,-0.154150679827258,-0.0444444444444444,-0.154150679827258,-0.0444444444444444,-0.182321556793955,-0.182321556793955,9
7,13,6,7,FALSE,FALSE,327337127,159904799,PRO,-0.249460859631583,-0.0439393939393939,-0.249460859631583,-0.0439393939393939,-0.26450723176547,-0.26015501629103,33
5,2,2,1,FALSE,FALSE,327337127,281877818,PRO,0.105360515657826,0.0142857142857143,0.105360515657826,0.0142857142857143,0.054067221270276,0.054067221270276,10
4,1,3,3,FALSE,FALSE,368174870,1524593612,PRO,0.356674943938732,0.163636363636364,0.356674943938732,0.163636363636364,0.408384818211499,0.397096858437648,11
0,2,3,9,FALSE,FALSE,368174870,2326631202,PRO,-0.133531392624523,-0.214285714285714,-0.133531392624523,-0.214285714285714,-1.62470538456489,-1.24171313230878,14
1,5,2,7,FALSE,FALSE,368174870,2542847994,PRO,-0.0870113769896297,-0.0333333333333334,-0.0870113769896292,-0.0333333333333334,-0.182321556793954,-0.249460859631583,15
1,0,1,2,FALSE,FALSE,368174870,2787488924,PRO,0.51082562376599,0.5,0.51082562376599,0.5,0.693147180559945,0.693147180559945,4
9,3,5,5,FALSE,FALSE,387237264,1064150616,PRO,0.356674943938732,0.113636363636364,0.356674943938733,0.113636363636364,0.376032401321046,0.36925062440381,22
39,19,5,6,FALSE,FALSE,388051243,204317520,PRO,0.367724780125317,0.0347326336831585,0.367724780125318,0.0347326336831585,0.327425132100843,0.357676577119916,69
10,15,8,10,FALSE,FALSE,45560271,1101561128,PRO,-0.0994338969881869,-0.0186046511627907,-0.0994338969881872,-0.0186046511627907,-0.104156783944619,-0.100508538265828,43
1,1,0,1,FALSE,FALSE,45560271,14096763,PRO,0.405465108108164,0.166666666666667,0.405465108108164,0.166666666666667,0.51082562376599,0.980829253011726,3
16,2,14,13,FALSE,TRUE,45560271,17837051,PRO,0.496726699386489,0.222222222222222,0.496726699386489,0.222222222222222,0.517818659256962,0.515598902518648,45
11,13,6,16,FALSE,FALSE,45560271,18300968,PRO,0.458953793059151,0.088768115942029,0.458953793059151,0.088768115942029,0.485712922950915,0.496027246108805,46
4,7,4,17,FALSE,FALSE,45560271,6631,PRO,0.570544858467613,0.113636363636364,0.570544858467613,0.113636363636364,0.606135803570316,0.606135803570316,32
2,2,3,2,FALSE,FALSE,507910985,202967558,PRO,-0.133531392624523,-0.0555555555555556,-0.133531392624523,-0.0555555555555556,-0.160623194332876,-0.147920130076622,9
7,6,3,4,FALSE,FALSE,507910985,2326631202,PRO,0.182321556793955,0.0384615384615384,0.182321556793954,0.0384615384615384,0.180362692308622,0.202524264111474,20
2,0,1,2,FALSE,FALSE,507910985,2680501463,PRO,0.628608659422374,0.4,0.628608659422374,0.4,0.826678573184468,0.773189888233482,5
20,30,9,31,FALSE,FALSE,507910985,2834753988,PRO,0.528363244431318,0.0777777777777778,0.528363244431318,0.0777777777777778,0.5477549628048,0.561060375903641,90
19,24,17,28,FALSE,FALSE,507910985,801478310,PRO,0.148845627597565,0.03276955602537,0.148845627597565,0.03276955602537,0.152731988331996,0.153200786618813,88
2,4,3,4,TRUE,FALSE,57268394,1101561128,PRO,-0.169899036795397,-0.0512820512820513,-0.169899036795397,-0.0512820512820513,-0.20739519434607,-0.216671036808592,13
0,1,1,0,TRUE,TRUE,57268394,17142046,PRO,-0.693147180559945,-0.5,-0.693147180559945,-0.5,-1.09861228866811,-1.09861228866811,2
3,2,3,6,TRUE,FALSE,57268394,23116875,PRO,0.451985123743057,0.171428571428571,0.451985123743057,0.171428571428571,0.510825623765991,0.510825623765991,14
2,1,2,1,FALSE,FALSE,59532329,121880052,PRO,0,0,0,0,0,0,6
3,4,4,4,FALSE,FALSE,62633125,14096763,PRO,-0.117783035656383,-0.0380952380952381,-0.117783035656383,-0.0380952380952381,-0.135665865153155,-0.135665865153155,15
2,0,4,1,FALSE,FALSE,62633125,14608335,PRO,0.048790164169432,0.142857142857143,0.0487901641694322,0.142857142857143,0.0645385211375711,0.162518929497775,7
4,5,3,11,FALSE,TRUE,62633125,17837051,PRO,0.59783700075562,0.140096618357488,0.59783700075562,0.140096618357488,0.663876798259832,0.669851617956423,23
13,3,8,6,FALSE,FALSE,62633125,18300968,PRO,0.324049716622656,0.1125,0.324049716622655,0.1125,0.336012572168164,0.328909664219535,30
5,2,2,5,FALSE,TRUE,62633125,259498996,PRO,0.693147180559945,0.214285714285714,0.693147180559945,0.214285714285714,0.78845736036427,0.78845736036427,14
3,3,6,12,FALSE,FALSE,62633125,6631,PRO,0.356674943938733,0.125,0.356674943938732,0.125,0.344602362704463,0.362540063391131,24
6,7,9,3,FALSE,FALSE,64591392,105966714,PRO,-0.425667815425684,-0.138461538461538,-0.425667815425685,-0.138461538461538,-0.452628445018434,-0.448801421595133,25
6,3,5,6,FALSE,FALSE,64591392,16868756,PRO,0.321204764490424,0.116666666666667,0.321204764490424,0.116666666666667,0.350786078926483,0.347988678682772,20
10,6,7,4,FALSE,FALSE,64591392,17943537,PRO,-0.0069686693160933,-0.00462962962962965,-0.00696866931609286,-0.00462962962962965,-0.0153248625867715,-0.0167006472981761,27
1,2,1,0,FALSE,FALSE,64591392,6631,PRO,-0.51082562376599,-0.166666666666667,-0.51082562376599,-0.166666666666667,-0.693147180559945,-0.693147180559945,4
0,1,3,0,FALSE,FALSE,6631,105966714,PRO,-0.8754687373539,-0.75,-0.8754687373539,-0.75,-1.87180217690159,-0.916290731874155,4
5,5,6,5,FALSE,FALSE,6631,1101561128,PRO,-0.0741079721537218,-0.0238095238095238,-0.0741079721537221,-0.0238095238095238,-0.0807113803831725,-0.0793793577321305,21
8,8,3,2,FALSE,FALSE,6631,14096763,PRO,-0.133531392624523,-0.0238095238095238,-0.133531392624522,-0.0238095238095238,-0.195965969686197,-0.158133162191576,21
7,2,4,11,FALSE,TRUE,6631,14230772,PRO,0.905321700503581,0.319444444444444,0.905321700503581,0.319444444444444,0.992193011662041,0.984560600624584,24
11,14,11,12,FALSE,FALSE,6631,14608335,PRO,-0.0769610411361283,-0.0183333333333333,-0.0769610411361286,-0.0183333333333333,-0.0800427076735364,-0.0800427076735364,48
7,1,8,5,FALSE,TRUE,6631,17837051,PRO,0.287682072451781,0.160714285714286,0.28768207245178,0.160714285714286,0.314773874160134,0.319942934670002,21
9,5,14,13,FALSE,FALSE,6631,18101656,PRO,0.189241999638528,0.0818815331010453,0.189241999638529,0.0818815331010453,0.195462350355013,0.203499035470854,41
1,1,1,2,FALSE,FALSE,6631,18300968,PRO,0.22314355131421,0.1,0.22314355131421,0.1,0.287682072451781,0.287682072451781,5
1,1,1,1,FALSE,FALSE,6631,23116875,PRO,0,0,0,0,0,0,4
0,2,2,0,FALSE,FALSE,6631,281877818,PRO,-1.09861228866811,-0.5,-1.09861228866811,-0.5,-1.6094379124341,-1.6094379124341,4
5,5,8,22,FALSE,FALSE,6631,45560271,PRO,0.575364144903562,0.175,0.575364144903562,0.175,0.584106807943718,0.589241607415757,40
1,3,2,7,FALSE,FALSE,6631,62633125,PRO,0.200670695462151,0.0192307692307692,0.200670695462152,0.0192307692307692,0.125163142954007,0.0984400728132528,13
2,1,0,1,FALSE,FALSE,6631,64591392,PRO,0.587786664902119,0.166666666666667,0.587786664902119,0.166666666666667,0.606135803570315,0.916290731874155,4
1,1,2,1,FALSE,FALSE,801478310,1524593612,PRO,-0.182321556793955,-0.1,-0.182321556793955,-0.1,-0.251314428280906,-0.19782574332992,5
7,9,4,6,FALSE,FALSE,801478310,202967558,PRO,0.0645385211375711,0.0144230769230769,0.0645385211375715,0.0144230769230769,0.0654572166546439,0.0824399892837899,26
14,7,6,16,FALSE,FALSE,801478310,2326631202,PRO,0.804699666465693,0.201550387596899,0.804699666465693,0.201550387596899,0.847786499536921,0.849770741619376,43
1,2,7,4,FALSE,FALSE,801478310,2393106786,PRO,-0.430782916092454,-0.238095238095238,-0.430782916092454,-0.238095238095238,-0.683294884116934,-0.473784352085641,14
0,6,3,5,FALSE,FALSE,801478310,2542847994,PRO,-1.16315080980568,-0.214285714285714,-1.16315080980568,-0.214285714285714,-1.82812711339893,-2.4567357728213,14
7,11,9,20,FALSE,FALSE,801478310,2834753988,PRO,0.215111379616946,0.0484633569739953,0.215111379616945,0.0484633569739953,0.217038306995728,0.215803406451904,47
20,17,20,23,FALSE,FALSE,801478310,507910985,PRO,0.143100843640673,0.0405405405405406,0.143100843640673,0.0405405405405406,0.146603474191875,0.146603474191875,80
8,4,0,6,FALSE,FALSE,969577423,2226917486,PRO,1.6376087894008,0.222222222222222,1.6376087894008,0.222222222222222,1.94591014905531,2.32539977076022,18
0,2,0,1,FALSE,FALSE,969577423,2454357277,PRO,-0.287682072451781,0,-0.287682072451781,0,-0.405465108108164,NA,3
2,2,4,0,FALSE,FALSE,969577423,2644700574,PRO,-0.510825623765991,-0.25,-0.51082562376599,-0.25,-0.587786664902119,-0.54654370636807,8
