DocId,Speaker,Replier,S-Pathsim Avg,R-Pathsim Avg,Sparsity S-R,Sparsity R-S
ale01.xml,OPE,MOT,NA,0.6020541549953314,11,52
ale01.xml,OPE,CHI,0.058823529411764705,NA,8,1
ale01.xml,MOT,OPE,0.625,1.0,13,5
ale01.xml,MOT,CHI,NA,NA,8,1
ale01.xml,ENV,CHI,NA,NA,7,1
ale01.xml,ENV,MOT,NA,1.0,1,6
ale01.xml,CHI,MOT,NA,0.2814225792448808,259,1575
ale01.xml,TOY,CHI,0.09090909090909091,NA,23,1
ale01.xml,TOY,MOT,0.2647059884559885,0.33197542653424994,119,229
ale02.xml,MOT,OPE,0.3833333333333333,NA,20,11
ale02.xml,MOT,CHI,0.4157317615177951,0.08333333333333333,1250,297
ale02.xml,MOT,TOY,0.6904761904761904,NA,23,2
ale02.xml,AD1,CHI,0.058823529411764705,NA,17,16
ale02.xml,MOT,AD1,NA,1.0,8,8
ale02.xml,OPE,CHI,1.0,NA,13,3
ale02.xml,AD1,MOT,0.06666666666666667,0.09090909090909091,2,3
ale02.xml,CHI,AD1,NA,0.06666666666666667,3,2
ale02.xml,MOT,AD2,0.6923076923076922,0.10694444444444443,21,17
ale02.xml,OPE,MOT,NA,NA,16,9
ale02.xml,AD2,MOT,0.4971943277938752,0.6078231292517007,259,68
ale02.xml,AD2,OPE,0.7916666666666667,NA,29,4
ale02.xml,AD2,CHI,0.08333333333333333,NA,16,3
ale02.xml,OPE,AD2,0.06666666666666667,0.45416666666666666,2,8
ale02.xml,CHI,MOT,0.05263157894736842,0.4279970980501248,75,524
ale03.xml,CHI,MOT,0.25269607843137254,0.35676202438253685,484,2245
ale03.xml,CHI,FAT,NA,NA,14,6
ale04.xml,MOT,CHI,0.5041168586862366,NA,580,117
ale04.xml,MOT,TOY,0.2571428571428571,0.08333333333333333,21,3
ale04.xml,CHI,MOT,0.05555555555555555,0.3479135552419985,501,1615
ale04.xml,TOY,MOT,0.08333333333333333,0.41445890157675674,3,277
ale04.xml,GRA,MOT,NA,0.5277777777777778,30,27
ale04.xml,GRA,CHI,1.0,NA,19,3
ale04.xml,CHI,GRA,NA,0.49330808080808075,7,60
ale06.xml,CHI,MOT,0.09262626262626261,0.35266337224866645,571,1812
ale06.xml,CHI,GRA,NA,0.5416666666666666,17,35
ale06.xml,MOT,CHI,0.37818842377665907,NA,442,65
ale06.xml,MOT,GRA,0.3803030303030303,0.53125,41,20
ale06.xml,GRA,MOT,0.5625,0.4417269685652039,28,145
ale06.xml,GRA,CHI,NA,NA,1,2
ale06.xml,FAT,MOT,NA,NA,4,3
ale06.xml,FAT,CHI,NA,NA,1,3
ale06.xml,TOY,MOT,0.08492063492063491,1.0,50,21
ale07.xml,MOT,CHI,0.4234144555271249,0.4970238095238096,2357,509
ale07.xml,MOT,OPE,0.06405228758169934,NA,30,3
ale07.xml,FAT,MOT,0.06376738729679905,0.36367129602423715,24,77
ale07.xml,CHI,MOT,0.4166666666666667,0.4177534774593598,77,168
ale07.xml,CHI,FAT,0.16666666666666666,0.1607142857142857,33,29
ale07.xml,FAT,CHI,0.5277777777777778,NA,21,11
ale07.xml,MOT,FAT,0.6333333333333333,0.2895424836601307,47,28
ale07.xml,GRA,MOT,0.5277777777777778,0.5416666666666666,47,52
ale07.xml,GRA,CHI,0.25,0.08333333333333333,12,7
ale07.xml,CHI,GRA,0.08333333333333333,0.16666666666666666,6,7
ale07.xml,MOT,GRA,0.7333333333333334,0.42777777777777776,30,18
ale07.xml,GRA,FAT,NA,NA,5,5
ale07.xml,FAT,GRA,NA,0.06666666666666667,4,7
ale08.xml,MOT,CHI,0.3886801923566629,0.08333333333333333,433,145
ale08.xml,FAT,CHI,NA,NA,4,7
ale08.xml,MOT,FAT,NA,NA,1,1
ale08.xml,CHI,MOT,0.6291666666666667,0.3936949571672936,479,1746
ale08.xml,FAT,MOT,1.0,1.0,13,25
ale08.xml,CHI,FAT,NA,0.2,8,8
ale09.xml,OPE,CHI,NA,NA,6,2
ale09.xml,OPE,MOT,0.047619047619047616,0.37777777777777777,9,14
ale09.xml,CHI,OPE,NA,1.0,1,4
ale09.xml,MOT,OPE,NA,NA,1,2
ale09.xml,MOT,CHI,0.33339850463099147,0.39690170940170943,1855,573
ale09.xml,MOT,FAT,0.5714285714285714,NA,16,7
ale09.xml,FAT,MOT,0.08333333333333333,0.5595187220187221,8,109
ale09.xml,CHI,MOT,0.39444444444444443,0.4374458874458874,178,306
ale09.xml,CHI,FAT,0.08333333333333333,NA,9,9
ale09.xml,FAT,CHI,0.5277777777777778,0.5416666666666666,23,9
ale09.xml,TOY,MOT,0.07345238095238095,0.14166666666666666,41,9
ale09.xml,TOY,CHI,0.08333333333333333,NA,6,5
ale09.xml,MOT,TOY,0.42777777777777776,0.08333333333333333,7,2
ale10.xml,CHI,MOT,0.06851851851851852,0.3629744488750145,334,1241
ale10.xml,OPE,CHI,0.08333333333333333,NA,6,5
ale10.xml,MOT,CHI,0.3827727899040981,0.07083333333333333,1392,475
ale10.xml,MOT,ENV,0.09067460317460317,0.14387254901960783,20,26
ale10.xml,CHI,ENV,NA,0.26416870166870166,4,73
ale10.xml,TO1,MOT,NA,0.3984126984126984,9,44
ale10.xml,CHI,TO1,NA,NA,4,3
ale10.xml,MOT,TO2,0.42777777777777776,0.4708333333333333,53,89
ale10.xml,TO2,MOT,NA,1.0,2,4
ale10.xml,TO2,CHI,0.08333333333333333,NA,7,7
ale10.xml,CHI,TO2,NA,0.3819444444444444,2,27
ale10.xml,MOT,TO1,0.08333333333333333,NA,11,6
ale11.xml,MOT,CHI,0.3686119511737429,0.18285549965600276,2257,833
ale11.xml,UNC,MOT,0.11666666666666665,0.42430555555555555,26,75
ale11.xml,OPE,MOT,NA,0.7083333333333334,8,16
ale11.xml,CHI,MOT,0.075,0.39617672632378514,196,521
ale11.xml,UNC,CHI,0.10555555555555556,0.075,24,18
ale11.xml,MOT,UNC,0.24583333333333332,0.3867521367521367,51,33
ale11.xml,UNC,OPE,NA,0.08333333333333333,6,10
ale11.xml,ENV,CHI,0.43530433006535946,NA,40,4
ale11.xml,UNI,CHI,NA,NA,1,2
ale11.xml,GRA,MOT,0.7384259259259259,0.46428878568971443,78,170
ale11.xml,CHI,GRA,NA,0.5277777777777778,23,18
ale11.xml,MOT,GRA,0.7000000000000001,0.42777777777777776,46,36
ale11.xml,UNC,GRA,0.39444444444444443,0.5416666666666666,17,18
ale11.xml,GRA,CHI,0.3833333333333333,0.08333333333333333,43,30
ale11.xml,GRA,UNC,1.0,0.7708333333333333,13,24
ale11.xml,CHI,UNC,0.07777777777777778,0.3013888888888889,26,25
ale11.xml,OPE,CHI,NA,NA,1,1
ale11.xml,MOT,OPE,0.10972222222222222,1.0,19,11
ale11.xml,MOT,TO1,NA,NA,3,3
ale11.xml,TO1,CHI,NA,NA,3,1
ale11.xml,TO2,CHI,0.39141414141414144,0.08333333333333333,25,8
ale11.xml,MOT,TO2,NA,0.5454545454545454,1,10
ale11.xml,TO2,MOT,NA,NA,6,13
ale11.xml,TO3,CHI,0.26095238095238094,0.08333333333333333,56,16
ale11.xml,TO3,GRA,NA,NA,9,1
ale11.xml,TO1,MOT,NA,0.5294117647058824,3,22
ale11.xml,CHI,TO1,NA,NA,1,3
ale12.xml,CHI,MOT,0.11363636363636363,0.3697096137404581,407,1621
ale12.xml,OPE,MOT,NA,0.75,1,10
ale12.xml,GRA,MOT,0.27444444444444444,0.5393995098039215,91,218
ale12.xml,CHI,GRA,NA,0.40722824217406256,34,78
ale12.xml,MOT,GRA,0.4266540616246497,0.342193680502504,209,175
ale12.xml,ADU,GRA,0.5416666666666666,NA,4,1
ale12.xml,MOT,CHI,0.3805915946244959,0.08295454545454545,1125,373
ale12.xml,GRA,CHI,0.6631944444444444,0.06944444444444445,52,45
ale12.xml,UNI,MOT,NA,0.06666666666666667,1,15
ale12.xml,GRA,UNI,0.16269841269841268,NA,15,1
ale12.xml,UNI,GRA,1.0,0.41919191919191917,22,18
ale12.xml,UNI,CHI,0.6458333333333333,NA,44,4
ale12.xml,FAT,MOT,0.3125,0.6944444444444443,37,51
ale12.xml,CHI,FAT,NA,0.5833333333333333,18,24
ale12.xml,TOY,CHI,0.05555555555555555,NA,3,1
ale12.xml,MOT,FAT,0.3867521367521367,0.2710714285714285,64,53
ale12.xml,FAT,CHI,0.625,0.08333333333333333,16,12
ale12.xml,GRA,FAT,NA,0.16666666666666666,9,2
ale13.xml,MOT,OPE,0.5854166666666667,0.4833333333333333,71,49
ale13.xml,CHI,MOT,0.4697128851540616,0.5034006670445698,782,1637
ale13.xml,CHI,OPE,0.08333333333333333,1.0,2,4
ale13.xml,CHI,TO1,NA,0.6969696969696969,2,21
ale13.xml,MOT,CHI,0.41516401297361044,0.29583333333333334,1198,493
ale13.xml,TO1,CHI,0.6348484848484848,0.08333333333333333,37,26
ale13.xml,MOT,TO2,NA,0.08333333333333333,1,5
ale13.xml,MOT,TO1,NA,0.5435606060606061,9,40
ale13.xml,TO1,MOT,0.6041666666666667,0.622337962962963,24,64
ale13.xml,FAT,CHI,1.0,0.08333333333333333,23,11
ale13.xml,MOT,FAT,0.5505821078431372,0.688888888888889,90,53
ale13.xml,FAT,MOT,0.6944444444444443,0.5613122171945701,29,137
ale13.xml,CHI,FAT,0.075,0.35256410256410253,58,53
ale14.xml,TOY,MOT,0.6348484848484848,0.4682539682539682,35,41
ale14.xml,CHI,MOT,0.6631944444444444,0.3795480226370818,696,2814
ale14.xml,TOY,CHI,0.3074494949494949,NA,31,10
ale14.xml,MOT,CHI,0.4088965128438812,0.07738095238095238,201,47
ale14.xml,MOT,TOY,0.07142857142857142,NA,18,6
ale14.xml,OPE,MOT,NA,0.3554271708683473,2,31
ale14.xml,CHI,TOY,NA,0.5384615384615384,4,9
ale14.xml,ENV,MOT,NA,1.0,8,7
ale14.xml,CHI,GRA,0.08333333333333333,0.6907407407407408,18,75
ale14.xml,GRA,CHI,0.5583333333333335,0.08333333333333333,61,12
ale14.xml,GRA,MOT,0.5443121693121693,0.5185185185185185,57,72
ale14.xml,MOT,GRA,0.5772058823529411,0.6378205128205128,63,60
ale15.xml,MOT,CHI,0.37914893791865634,0.08058223289315726,1023,187
ale15.xml,GRA,CHI,0.4996034466622701,0.32916666666666666,391,146
ale15.xml,GRA,MOT,0.49816041801335914,0.4992596730093752,209,335
ale15.xml,CHI,GRA,0.6969696969696969,0.44126984126984126,89,147
ale15.xml,CHI,MOT,0.44333333333333336,0.45135592078316533,165,540
ale15.xml,GRA,ADU,0.5266666666666666,1.0,36,23
ale15.xml,MOT,GRA,0.37551989333336083,0.42986250505600354,419,310
ale15.xml,ADU,GRA,0.08333333333333333,0.08333333333333333,7,10
ale15.xml,ADU,CHI,0.343560606060606,0.08333333333333333,20,12
ale15.xml,ADU,MOT,NA,NA,2,4
ale15.xml,MOT,ADU,0.4776190476190477,NA,47,15
ale15.xml,CHI,ADU,NA,0.25,4,25
ale15.xml,MOT,ENV,NA,1.0,11,25
ale15.xml,CHI,ENV,NA,0.12037037037037035,6,15
ale15.xml,ENV,MOT,0.3959096459096459,0.08333333333333333,36,11
ale15.xml,ENV,CHI,0.1111111111111111,NA,16,1
ale16.xml,MOT,GRA,0.4050606771969001,0.5011363636363636,406,160
ale16.xml,MOT,CHI,0.3923041546474527,0.3352272727272727,1129,200
ale16.xml,GRA,CHI,0.5129699248120301,0.33035714285714285,261,88
ale16.xml,GRA,ADU,0.375,0.5416666666666666,37,8
ale16.xml,MOT,ADU,0.5333333333333333,0.08333333333333333,46,36
ale16.xml,GRA,MOT,0.553009219882285,0.3216175198115342,229,367
ale16.xml,CHI,GRA,0.5416666666666666,0.46942355889724313,29,71
ale16.xml,CHI,MOT,0.24439988116458708,0.37947842947601074,216,1072
ale16.xml,ADU,GRA,0.20833333333333331,0.380718954248366,53,57
ale16.xml,ADU,CHI,0.08333333333333333,0.16666666666666666,8,4
ale16.xml,ADU,MOT,0.08333333333333333,0.3644764957264957,36,73
ale16.xml,CHI,ADU,0.16666666666666666,0.05555555555555555,5,8
ale16.xml,TOY,GRA,NA,0.08333333333333333,6,9
ale16.xml,TOY,MOT,0.08333333333333333,0.19714635854341736,27,173
ale16.xml,MOT,TOY,0.3629201680672269,NA,88,13
ale16.xml,TOY,CHI,NA,0.09090909090909091,8,16
ale16.xml,CHI,TOY,0.09090909090909091,0.08333333333333333,7,7
ale16.xml,GRA,TOY,NA,NA,2,2
ale17.xml,MOT,CHI,0.3857344899259676,0.38456558061821217,1327,277
ale17.xml,OPE,MOT,0.5416666666666666,0.5750000000000001,11,38
ale17.xml,CHI,MOT,0.3357993197278911,0.334772212544078,286,1591
ale17.xml,OPE,CHI,NA,NA,3,2
ale17.xml,MOT,OPE,NA,0.08333333333333333,1,4
ale17.xml,CHI,OPE,0.08333333333333333,0.06666666666666667,9,12
ale17.xml,MOT,GRA,0.4772045855379189,0.5308302808302808,152,142
ale17.xml,MOT,FAT,0.7000000000000001,1.0,32,23
ale17.xml,CHI,GRA,NA,NA,10,22
ale17.xml,GRA,MOT,0.07738095238095238,0.5257936507936508,69,117
ale17.xml,FAT,MOT,0.7142857142857143,0.5291666666666666,44,44
ale17.xml,GRA,CHI,0.3812067562067562,NA,36,5
ale17.xml,FAT,CHI,NA,NA,1,1
ale17.xml,CHI,FAT,NA,NA,1,6
ale17.xml,FAT,GRA,0.75,0.2536111111111111,37,56
ale17.xml,GRA,FAT,NA,NA,4,13
ale18.xml,CHI,OPE,1.0,NA,6,3
ale18.xml,MOT,CHI,0.44841698024657584,0.39444444444444443,1511,256
ale18.xml,MOT,OPE,0.5416666666666666,NA,23,3
ale18.xml,MOT,GRA,0.2370748299319728,0.5555555555555556,84,74
ale18.xml,OPE,MOT,0.05555555555555555,0.2788671023965142,17,24
ale18.xml,CHI,MOT,0.3530462184873949,0.3430894696631332,393,1590
ale18.xml,OPE,CHI,NA,NA,2,2
ale18.xml,CHI,GRA,NA,0.3617826617826618,23,56
ale18.xml,GRA,CHI,0.41111111111111115,1.0,51,43
ale18.xml,GRA,MOT,1.0,0.5313585434173669,60,117
ale19.xml,MOT,CHI,0.42002073542647606,0.07199754901960784,1304,176
ale19.xml,MOT,GRA,0.5179102218069829,0.3846388406437426,315,181
ale19.xml,GRA,MOT,0.7050925925925927,0.4413404304029304,152,289
ale19.xml,GRA,CHI,0.41663629126864415,0.4166666666666667,166,48
ale19.xml,CHI,MOT,0.5364583333333333,0.38682877061728593,194,914
ale19.xml,CHI,GRA,0.0625,0.5277777777777778,15,19
ale19.xml,CHI,FAT,1.0,NA,2,1
ale19.xml,FAT,GRA,0.53125,1.0,9,7
ale19.xml,FAT,MOT,NA,NA,4,6
ale19.xml,GRA,OPE,1.0,NA,10,6
ale20.xml,MOT,CHI,0.42017799057367183,0.55625,3184,532
ale20.xml,MOT,OPE,0.6296703296703298,1.0,48,2
ale21.xml,MOT,CHI,NA,0.08333333333333333,20,17
ale21.xml,MOT,OPE,0.7777777777777777,1.0,9,3
ale21.xml,OPE,MOT,NA,1.0,2,3
ale21.xml,CHI,MOT,0.5371778157903477,0.3672860927562465,830,2425
ale22.xml,MOT,CHI,0.4389960082255871,0.5712279339888449,2907,1104
ale23.xml,MOT,GRA,1.0,NA,17,5
ale23.xml,MOT,CHI,0.3942762801054435,0.3819444444444444,1832,469
ale23.xml,FAT,CHI,NA,NA,8,12
ale23.xml,FAT,MOT,NA,0.075,9,5
ale23.xml,OPE,MOT,1.0,NA,6,9
ale23.xml,CHI,MOT,0.2985948667966212,0.4076639030835911,425,1134
ale24.xml,MOT,OPE,0.14166666666666666,1.0,9,2
ale24.xml,CHI,MOT,0.23942737659242402,0.3474355529855259,1925,2811
ale24.xml,OPE,MOT,NA,1.0,2,4
ale24.xml,ADU,MOT,NA,1.0,4,7
ale25.xml,MOT,CHI,0.3566283842234967,0.36533041516701653,3332,1180
ale25.xml,MOT,OPE,1.0,NA,17,5
ale26.xml,CHI,MOT,0.28408884820622826,0.351114215091782,688,1108
ale26.xml,OPE,MOT,1.0,0.5397058823529411,10,53
ale26.xml,CHI,OPE,NA,NA,5,1
ale26.xml,MOT,OPE,NA,NA,1,1
ale26.xml,CHI,GRA,0.3819444444444444,0.40238095238095234,30,70
ale26.xml,MOT,CHI,0.3530352303153251,0.4109679562478424,1888,904
ale26.xml,GRA,CHI,0.40404040404040403,0.06458333333333333,54,39
ale26.xml,MOT,GRA,0.18229166666666666,0.5333333333333333,39,26
ale26.xml,GRA,MOT,0.3634038800705468,0.3833333333333333,116,69
ale26.xml,OPE,GRA,0.5416666666666666,NA,4,3
ale27.xml,MOT,CHI,0.42743735396683336,0.2865577958004346,1972,1063
ale27.xml,OPE,MOT,0.5263157894736842,0.6901923076923077,36,145
ale27.xml,CHI,MOT,0.3093428113370547,0.4423837923699189,516,857
ale27.xml,OPE,CHI,0.2583333333333333,0.08333333333333333,46,33
ale27.xml,MOT,OPE,1.0,0.3819444444444444,41,40
ale27.xml,CHI,OPE,0.22060185185185185,0.569047619047619,90,95
ale28.xml,CHI,MOT,0.2406196873302137,0.32821374812053233,275,610
ale28.xml,CHI,OPE,0.08333333333333333,NA,3,1
ale28.xml,MOT,CHI,0.39747908935853354,0.4219631484493812,1930,1104
ale28.xml,OPE,MOT,NA,NA,6,12
ale28.xml,OPE,CHI,NA,0.26095238095238094,9,23
ale28.xml,MOT,OPE,0.6,NA,25,18
ale28.xml,CHI,ENV,0.08333333333333333,0.4380693319838057,2,65
ale28.xml,MOT,ENV,NA,NA,7,5
ale29.xml,CHI,MOT,0.32361107698440006,0.4302501434467379,301,476
ale29.xml,CHI,OPE,0.3819444444444444,0.06712962962962962,14,20
ale29.xml,MOT,CHI,0.36222970704394886,0.30391574949497413,2509,1543
ale29.xml,MOT,OPE,NA,1.0,2,3
ale29.xml,OPE,MOT,1.0,0.5416666666666666,4,16
ale29.xml,OPE,CHI,1.0,0.20833333333333331,8,14
ale29.xml,FAT,CHI,NA,0.2577777777777778,12,21
ale29.xml,MOT,FAT,0.7916666666666666,0.6348484848484849,126,116
ale29.xml,FAT,MOT,0.1113888888888889,0.4482435966810967,42,125
ale29.xml,CHI,FAT,0.4444444444444445,0.7083333333333334,40,37
ale29.xml,OPE,FAT,NA,NA,3,3
ale30.xml,CHI,MOT,0.2805990055707306,0.43251281588295587,918,1654
ale30.xml,CHI,OPE,0.10416666666666667,0.20833333333333331,7,12
ale30.xml,OPE,CHI,0.07291666666666666,0.125,11,9
ale30.xml,MOT,CHI,0.4032062636014998,0.2796508092870321,1382,715
ale30.xml,OPE,MOT,0.5416666666666666,0.1,11,13
ale30.xml,MOT,OPE,NA,NA,6,2
ale30.xml,FAT,CHI,1.0,0.06655425328025948,16,31
ale30.xml,MOT,FAT,0.2,NA,20,8
ale30.xml,CHI,FAT,0.08333333333333333,0.08333333333333333,14,9
ale30.xml,FAT,MOT,NA,0.5333333333333333,1,8
ale31.xml,MOT,CHI,0.4669019185463831,0.47768276113864344,1492,503
ale31.xml,MOT,ADU,0.5011005538579067,0.5568181818181818,239,67
ale31.xml,CHI,ADU,0.11871794871794872,0.3032219973009446,39,49
ale31.xml,ADU,MOT,0.328125,0.36684435447593344,53,115
ale31.xml,CHI,MOT,0.4038234592082447,0.3925981910563141,443,1512
ale31.xml,ADU,CHI,0.28316239316239317,0.08333333333333333,58,36
ale31.xml,OPE,MOT,NA,1.0,8,8
ale31.xml,OPE,CHI,NA,0.16666666666666666,3,6
ale31.xml,ADU,OPE,NA,NA,1,1
ale31.xml,CHI,OPE,NA,0.16666666666666666,3,5
ale32.xml,MOT,CHI,0.36517559741354544,0.330392979278981,2178,882
ale32.xml,OPE,CHI,0.3888888888888889,0.2392857142857143,26,58
ale32.xml,OPE,MOT,0.7333333333333334,0.4059371184371184,31,157
ale32.xml,CHI,OPE,0.5611111111111112,0.08888888888888889,54,37
ale32.xml,CHI,MOT,0.34497208605664476,0.37889582533124727,290,610
ale32.xml,MOT,OPE,0.41189219986240105,0.45208333333333334,170,66
ale32.xml,MOT,GRN,0.4650595886502749,0.41321789844142787,563,386
ale32.xml,GRN,CHI,0.5329520697167756,0.4035453925159807,94,154
ale32.xml,GRN,MOT,0.46693230625583565,0.46707588497361224,459,736
ale32.xml,CHI,GRN,0.21276844070961717,0.3012517507002801,45,93
ale32.xml,OPE,GRN,0.08333333333333333,0.5416666666666666,9,25
ale32.xml,GRN,OPE,0.75,0.7708333333333334,32,20
ale33.xml,MOT,CHI,0.3354067065327276,0.3487668911610394,3680,1386
ale33.xml,FAT,CHI,1.0,0.07291666666666666,3,7
ale33.xml,MOT,FAT,0.6944444444444443,0.07242063492063493,22,20
ale33.xml,MOT,OPE,0.5416666666666666,NA,8,1
ale34.xml,CHI,MOT,0.46542600373482723,0.49546050937857655,847,1496
ale34.xml,UNI,MOT,NA,NA,2,10
ale34.xml,GRA,CHI,0.5935017351069982,0.6657738095238095,293,96
ale34.xml,MOT,CHI,0.36916953108268086,0.42877258936815726,1094,388
ale34.xml,MOT,UNI,0.3448051948051948,NA,122,5
ale34.xml,MOT,GRA,0.32711466165413533,0.5888227513227513,121,106
ale34.xml,CHI,UNI,0.6944444444444443,0.08333333333333333,19,3
ale34.xml,CHI,GRA,0.2650949268596327,0.4545458927037874,87,254
ale34.xml,CHI,ENV,0.08333333333333333,NA,13,5
ale34.xml,CHI,OPE,NA,0.058823529411764705,5,18
ale34.xml,ENV,CHI,0.08333333333333333,0.0625,5,5
ale34.xml,GRA,MOT,0.4540488922841865,0.5989583333333333,92,52
ale34.xml,OPE,ENV,1.0,NA,9,1
ale34.xml,MOT,ENV,1.0,NA,3,1
ale34.xml,ENV,MOT,NA,1.0,1,11
ale34.xml,ENV,GRA,NA,1.0,2,7
ale34.xml,GRA,ENV,0.6944444444444443,0.704861111111111,73,39
ale35.xml,CHI,OPE,1.0,0.6851851851851851,4,11
ale35.xml,MOT,CHI,0.40892325588849665,0.49518904706404704,575,217
ale35.xml,MOT,GRA,0.37577136915372206,0.5044173759247289,134,140
ale35.xml,MOT,ENV,0.554717115243431,0.11562499999999999,297,79
ale35.xml,GRA,MOT,0.5764820147173088,0.49376203431930976,131,241
ale35.xml,ENV,CHI,0.2862518200753495,0.37530219706021833,202,253
ale35.xml,ENV,MOT,0.5416666666666666,0.3728276904553994,86,429
ale35.xml,CHI,MOT,0.34753140300799157,0.3698927037339003,412,797
ale35.xml,CHI,ENV,0.3556503028561852,0.31635854341736697,229,144
ale35.xml,ENV,GRA,0.2916666666666667,0.380718954248366,11,37
ale35.xml,OPE,MOT,0.39814814814814814,0.3796296296296296,16,6
ale35.xml,CHI,GRA,0.08333333333333333,0.4113095238095238,24,63
ale35.xml,GRA,CHI,0.6918803418803418,0.09166666666666667,121,33
ale35.xml,GRA,ENV,1.0,0.09166666666666667,16,13
ale35.xml,OPE,GRA,NA,0.08333333333333333,1,7
ale35.xml,ENV,TOY,NA,0.08333333333333333,1,2
ale35.xml,OPE,CHI,NA,NA,1,2
ale36.xml,CHI,MOT,0.40138888888888885,0.5775173862648508,98,224
ale36.xml,CHI,OPE,0.12380952380952381,0.2676190476190476,27,31
ale36.xml,OPE,CHI,0.1138392857142857,0.3819444444444444,45,28
ale36.xml,MOT,CHI,0.3737031318129673,0.45149690059696884,3675,1505
ale36.xml,MOT,OPE,0.6666666666666666,0.6944444444444443,33,33
ale36.xml,OPE,MOT,0.39814814814814814,1.0,21,21
ale36.xml,MOT,ENV,0.07692307692307693,0.3173202614379085,3,18
ale36.xml,MOT,FAT,NA,NA,1,2
ale36.xml,FAT,MOT,NA,1.0,2,4
ale37.xml,GRA,MOT,0.2690977443609022,0.4511904761904762,47,58
ale37.xml,GRA,CHI,0.36428571428571427,0.07715201465201466,48,44
ale37.xml,MOT,GRA,0.340758547008547,0.5414606227106228,107,73
ale37.xml,CHI,GRA,0.5395299145299146,0.31093559218559214,54,67
ale37.xml,MOT,CHI,0.36587935991197684,0.4087739996215229,1540,1118
ale37.xml,CHI,MOT,0.29595941717790464,0.3031306280833285,557,944
ale37.xml,MOT,OPE,0.08333333333333333,0.16666666666666666,6,7
ale37.xml,OPE,MOT,NA,0.5714285714285714,11,14
ale38.xml,CHI,MOT,0.5107143777958257,0.43732830641026,1416,2372
ale38.xml,CHI,OPE,NA,NA,12,8
ale38.xml,OPE,MOT,NA,NA,4,4
ale38.xml,OPE,CHI,NA,NA,3,4
ale38.xml,CHI,FAT,0.07291666666666666,0.22008547008547008,17,24
ale38.xml,MOT,CHI,0.46322762613203805,0.5356570512820513,185,102
ale38.xml,FAT,CHI,0.6944444444444443,1.0,40,31
ale38.xml,FAT,MOT,0.7708333333333334,0.1,20,21
ale38.xml,MOT,FAT,0.5443223443223444,NA,57,17
ale38.xml,CHI,ADU,0.3867521367521367,1.0,20,16
ale38.xml,OPE,ADU,NA,0.3333333333333333,4,5
ale38.xml,MOT,ADU,0.5416666666666666,0.07692307692307693,11,14
ale38.xml,ADU,CHI,0.3819444444444444,0.0625,13,6
ale38.xml,GRA,CHI,0.3914141414141414,NA,11,4
ale38.xml,GRA,MOT,0.07142857142857142,0.09454365079365078,24,47
ale38.xml,MOT,GRA,0.25222516814212315,0.18467887154861942,119,137
ale38.xml,CHI,GRA,NA,NA,4,14
ale39.xml,MOT,OPE,0.39444444444444443,0.08333333333333333,12,3
ale39.xml,MOT,CHI,0.3358295743024665,0.43494079168521355,1273,613
ale39.xml,GRA,MOT,0.5555555555555555,0.4910714285714286,127,115
ale39.xml,GRA,CHI,0.30410923141186297,0.27383458646616543,77,127
ale39.xml,MOT,GRA,0.3103835978835979,0.5347222222222222,89,53
ale39.xml,CHI,GRA,0.5520833333333334,0.5471678414955725,131,155
ale39.xml,CHI,MOT,0.4231936806385335,0.47595817169768767,502,946
ale39.xml,OPE,CHI,0.0625,0.0625,12,19
ale39.xml,OPE,MOT,NA,NA,5,3
ale39.xml,OPE,GRA,NA,NA,5,8
ale39.xml,CHI,OPE,0.07738095238095238,0.3849206349206349,18,21
ale39.xml,TOY,CHI,0.402065527065527,0.07107843137254902,167,65
ale39.xml,MOT,TOY,0.6304945054945055,0.4267290249433106,211,254
ale39.xml,TOY,MOT,0.3830115962468902,0.4686776556776557,405,268
ale39.xml,CHI,TOY,0.5416666666666666,0.4367965367965368,34,85
ale40.xml,CHI,MOT,0.4263236763236764,0.6153663721899015,177,400
ale40.xml,OPE,CHI,NA,NA,14,2
ale40.xml,MOT,CHI,0.35241800304949866,0.31310511910965716,3123,1638
ale40.xml,MOT,OPE,NA,0.07738095238095238,4,4
ale40.xml,OPE,MOT,0.075,NA,12,1
ale40.xml,CHI,OPE,NA,NA,4,1
ale40.xml,ENV,CHI,0.3729864253393665,0.26760683760683757,98,53
ale40.xml,ENV,MOT,0.08333333333333333,NA,21,20
ale40.xml,CHI,ENV,NA,0.45427350427350427,22,61
ale40.xml,MOT,ENV,0.75,0.5639423076923077,52,113
ale41.xml,GRA,CHI,0.3833333333333333,0.08333333333333333,53,32
ale41.xml,GRA,OPE,NA,NA,22,1
ale41.xml,CHI,GRA,0.1365079365079365,0.5383699326559233,98,205
ale41.xml,CHI,MOT,0.08333333333333333,NA,4,3
ale41.xml,MOT,CHI,0.3453988503462818,0.32937651345400953,2851,1157
ale42.xml,MOT,CHI,0.3268772893772893,0.5400641025641025,95,76
ale42.xml,MOT,OPE,0.48333333333333334,NA,8,1
ale42.xml,CHI,MOT,0.3812338626028259,0.35301648326870455,2229,2924
ale42.xml,OPE,MOT,0.08333333333333333,1.0,6,12
ale43.xml,MOT,CHI,0.3978160709692792,0.2663248488068735,2824,1206
ale43.xml,OPE,CHI,NA,0.05555555555555555,4,6
ale43.xml,OPE,MOT,1.0,NA,6,5
ale43.xml,CHI,MOT,0.3768518518518518,0.6296296296296297,65,91
ale43.xml,CHI,OPE,0.08333333333333333,NA,11,10
ale43.xml,MOT,OPE,1.0,NA,14,2
ale43.xml,MOT,ENV,1.0,NA,21,11
ale44.xml,MOT,CHI,0.4289100116231579,0.42539641421130386,1758,1565
ale44.xml,GRA,CHI,0.375,1.0,51,28
ale44.xml,GRA,MOT,0.5844654528478058,0.3376190476190476,81,52
ale44.xml,CHI,MOT,0.4170571258806552,0.4040357975852628,579,1317
ale44.xml,MOT,GRA,1.0,0.5322128851540616,73,67
ale44.xml,OPE,MOT,1.0,1.0,4,13
ale44.xml,CHI,GRA,0.5416666666666666,0.85,34,56
ale45.xml,CHI,MOT,0.3212861663011623,0.4035976533861204,1463,2682
ale45.xml,CHI,GRA,0.6944444444444443,0.07692307692307693,19,55
ale45.xml,OPE,CHI,NA,0.6875,1,8
ale45.xml,GRA,CHI,0.3867521367521367,0.16666666666666666,29,34
ale45.xml,MOT,CHI,0.4357388399257083,0.47452799258354805,714,461
ale45.xml,MOT,GRA,0.3480392156862745,0.08333333333333333,32,15
ale45.xml,MOT,ADU,0.25892857142857145,0.7380952380952381,87,70
ale45.xml,ADU,CHI,0.44027777777777777,NA,28,10
ale45.xml,GRA,MOT,0.63,0.5833333333333334,35,26
ale45.xml,ADU,MOT,0.3464985994397759,0.5416666666666666,37,31
ale45.xml,CHI,ADU,0.7708333333333334,0.41369047619047616,54,29
ale45.xml,GRA,ADU,0.4750980392156863,0.5565476190476191,38,46
ale45.xml,ADU,GRA,1.0,0.075,11,19
ale45.xml,ADU,OPE,0.06666666666666667,NA,2,1
ale46.xml,CHI,TOY,NA,0.08333333333333333,1,2
ale46.xml,MOT,CHI,0.3973209661548704,0.5328997197028945,1643,715
ale46.xml,MOT,TOY,0.48579688285570644,0.39444444444444443,122,31
ale46.xml,CHI,MOT,0.40738629502496887,0.4310190474945727,780,1289
ale46.xml,GRA,MOT,0.694973544973545,0.5001543209876543,79,120
ale46.xml,TOY,MOT,0.39444444444444443,NA,7,5
ale46.xml,TOY,CHI,NA,NA,2,6
ale46.xml,GRA,CHI,0.3862103174603175,0.257051282051282,66,48
ale46.xml,MOT,GRA,0.6061540570175439,0.5137806637806638,233,116
ale46.xml,CHI,GRA,NA,1.0,13,22
ale46.xml,CHI,ADU,0.08333333333333333,NA,6,4
ale46.xml,MOT,ADU,0.8166666666666668,0.08333333333333333,36,6
ale46.xml,ADU,MOT,0.125,0.38832199546485263,7,51
ale46.xml,GRA,ADU,1.0,0.08333333333333333,7,12
ale46.xml,CHI,OPE,0.08333333333333333,1.0,6,7
ale46.xml,MOT,OPE,0.40138888888888885,1.0,49,18
ale46.xml,ADU,CHI,0.08333333333333333,NA,13,15
ale46.xml,OPE,MOT,1.0,0.5156249999999999,6,38
ale46.xml,OPE,CHI,NA,NA,2,2
ale46.xml,ADU,OPE,NA,NA,1,1
ale46.xml,TOY,ADU,NA,NA,2,6
ale47.xml,MOT,CHI,0.39739583333333334,0.21504435107376285,244,106
ale47.xml,FAT,CHI,0.08333333333333333,NA,2,1
ale47.xml,MOT,FAT,0.11111111111111112,0.08333333333333333,12,5
ale47.xml,CHI,MOT,0.43108571782177596,0.3753014759114574,1461,3262
ale47.xml,ADU,MOT,0.5416666666666666,0.765625,29,94
ale47.xml,OPE,MOT,NA,0.5384615384615384,7,14
ale47.xml,CHI,OPE,NA,NA,1,1
ale48.xml,CHI,MOT,0.37615951300161826,0.47308540140276173,618,929
ale48.xml,GRA,MOT,NA,0.08333333333333333,1,3
ale48.xml,CHI,TOY,0.08333333333333333,NA,6,10
ale48.xml,MOT,CHI,0.3864950550872369,0.44507834890610004,1387,676
ale48.xml,ADU,MOT,1.0,1.0,20,22
ale48.xml,CHI,ADU,NA,NA,6,4
ale48.xml,CHI,OPE,NA,NA,4,4
ale48.xml,CHI,GRA,1.0,0.3833333333333333,10,11
ale48.xml,OPE,CHI,NA,NA,4,12
ale48.xml,ADU,CHI,0.06066176470588235,NA,9,1
ale48.xml,MOT,ADU,1.0,NA,2,3
ale48.xml,MOT,GRA,0.5576388888888889,0.07722832722832722,33,13
ale49.xml,MOT,CHI,0.37827412195325344,0.4780001695582487,3113,1771
ale50.xml,CHI,MOT,0.07165641376167692,1.0,23,21
ale50.xml,GRA,CHI,0.24666666666666665,0.06913116123642439,28,28
ale50.xml,MOT,CHI,0.43426594067267493,0.4898585426389784,2887,1600
ale50.xml,MOT,GRA,NA,0.08333333333333333,5,9
ale50.xml,MOT,TOY,NA,0.5416666666666666,19,6
ale50.xml,TOY,MOT,1.0,0.5,11,8
ale50.xml,GRA,TOY,1.0,0.07425213675213675,3,9
ale50.xml,GRA,MOT,0.5416666666666666,0.3833333333333333,11,14
ale50.xml,TOY,CHI,NA,1.0,1,4
ale51.xml,CHI,MOT,0.3860807788298227,0.34230152979685396,1989,3173
ale52.xml,MOT,CHI,0.3330159552038891,0.4035321758271165,3201,2667
ale52.xml,OPE,CHI,NA,0.08333333333333333,4,8
ale52.xml,MOT,OPE,0.6388888888888888,1.0,37,7
ale52.xml,FAT,CHI,0.4166666666666667,0.763888888888889,45,50
ale52.xml,MOT,FAT,0.5377297410192147,0.22606287707390646,105,72
ale52.xml,CHI,MOT,0.49821201525746983,0.42526418208983996,201,314
ale52.xml,CHI,FAT,0.4166666666666667,0.5416666666666666,16,27
ale52.xml,MOT,TOY,0.5625,0.07474747474747474,19,8
ale52.xml,CHI,TOY,0.05959595959595959,0.06439393939393939,10,18
ale52.xml,CHI,OPE,NA,NA,2,4
eth01.xml,MOT,CHI,0.4785075004115252,NA,540,2
eth02.xml,MOT,CHI,0.3476513534478154,0.5333333333333333,3684,93
eth03.xml,MOT,CHI,0.3171674100553912,0.3819444444444444,3530,152
eth03.xml,MOT,OPE,NA,0.125,12,19
eth04.xml,MOT,CHI,0.37370570151829674,0.1926767676767676,2971,363
eth05.xml,MOT,CHI,0.3698711907733236,0.35416666666666663,1411,138
eth05.xml,TOY,CHI,0.06666666666666667,NA,4,1
eth05.xml,MOT,TOY,0.089680330634278,0.5416666666666666,33,4
eth05.xml,CHI,MOT,0.22492505774239516,0.29530661777414785,207,1336
eth05.xml,TOY,MOT,0.5294117647058824,0.0625,5,60
eth06.xml,MOT,CHI,0.3442651819857703,0.08038881554748428,1822,527
eth06.xml,MOT,TOY,0.4883761459129106,NA,103,25
eth06.xml,CHI,MOT,0.21198830409356728,0.27452646235861805,171,849
eth06.xml,OPE,CHI,0.08333333333333333,NA,4,1
eth07.xml,CHI,MOT,0.07243589743589743,0.2615046613749367,372,3311
eth07.xml,OPE,MOT,NA,1.0,5,7
eth08.xml,CHI,MOT,0.17263049557941199,0.3059308861750466,685,3847
eth08.xml,OPE,MOT,NA,NA,3,2
eth09.xml,CHI,MOT,0.12036843085230182,0.27595986680739026,627,3064
eth10.xml,MOT,CHI,0.3347443247074462,0.14442145156430872,956,272
eth10.xml,MOT,OPE,0.387911790590362,0.37936507936507935,69,60
eth10.xml,CHI,OPE,NA,0.5416666666666666,14,24
eth10.xml,OPE,MOT,NA,NA,3,7
eth10.xml,CHI,MOT,0.17676150976827196,0.32160150524224784,680,3141
eth10.xml,OPE,CHI,0.4166666666666667,0.07912457912457913,27,9
eth10.xml,MOT,TOY,0.08333333333333333,NA,3,2
eth11.xml,CHI,MOT,0.282611150524288,0.32231969359070617,978,2667
eth11.xml,OPE,MOT,0.5375,0.6517647058823529,22,82
eth11.xml,CHI,OPE,NA,1.0,2,5
eth11.xml,MOT,OPE,NA,NA,1,4
eth11.xml,OPE,CHI,NA,NA,18,3
eth11.xml,MOT,CHI,0.08333333333333333,NA,8,3
eth12.xml,CHI,MOT,0.2554426125877532,0.33314327666509685,871,3036
eth12.xml,OPE,MOT,1.0,0.4322916666666667,19,31
eth12.xml,CHI,OPE,NA,0.08333333333333333,1,5
eth12.xml,MOT,OPE,0.2,NA,8,6
eth13.xml,MOT,CHI,0.256855321066548,0.1749508629331205,2814,569
eth13.xml,MOT,OPE,0.16641865079365079,0.09722222222222221,10,3
eth14.xml,MOT,CHI,NA,NA,7,6
eth14.xml,OPE,CHI,1.0,0.0625,25,13
eth14.xml,MOT,OPE,1.0,1.0,13,3
eth14.xml,CHI,MOT,0.2194748891745795,0.28429322791792716,1186,3549
eth15.xml,MOT,CHI,0.36282424852438494,0.37100694444444443,840,354
eth15.xml,MOT,TOY,0.291764705882353,0.0625,38,8
eth15.xml,CHI,MOT,0.18744421719736848,0.3137745595709827,751,1845
eth15.xml,TOY,MOT,NA,1.0,6,32
eth15.xml,TOY,CHI,NA,0.0625,1,3
eth16.xml,CHI,MOT,0.18989812687438748,0.2644253384511741,1567,3159
eth16.xml,CHI,FAT,1.0,0.4166666666666667,13,37
eth16.xml,FAT,CHI,0.5357142857142857,NA,8,4
eth16.xml,MOT,FAT,NA,0.05263157894736842,15,13
eth16.xml,FAT,MOT,0.060826210826210834,0.05263157894736842,30,15
eth16.xml,MOT,CHI,0.3811965811965812,0.28125,30,13
eth17.xml,MOT,CHI,0.33936342867427016,0.2786776241851564,2556,1053
eth18.xml,CHI,MOT,0.23072160488126872,0.293483567790267,380,1240
eth18.xml,OPE,CHI,NA,0.0625,2,3
eth18.xml,MOT,CHI,0.2914492991651332,0.23168754432057445,2282,558
eth19.xml,MOT,CHI,0.3341586026808871,0.36207351944581034,3279,1010
eth20.xml,CHI,MOT,0.4416666666666667,0.7048611111111112,35,63
eth20.xml,TOY,CHI,NA,NA,5,2
eth20.xml,MOT,CHI,0.33665480201097775,0.2774824245618073,2476,1231
eth21.xml,MOT,CHI,0.301509050546623,0.3138679072141403,3424,820
eth22.xml,CHI,MOT,0.5331625203142231,0.32575214075380715,587,2025
eth23.xml,MOT,OPE,0.40625,1.0,19,13
eth23.xml,MOT,CHI,NA,NA,3,1
eth23.xml,CHI,MOT,0.2921075837742504,0.45285735273130223,170,433
eth23.xml,CHI,OPE,NA,0.06861772486772487,6,34
eth23.xml,OPE,MOT,1.0,NA,2,2
eth24.xml,CHI,MOT,0.2853761546857206,0.2986046646382576,1300,3989
eth25.xml,MOT,CHI,0.3064377353915921,0.3101454127674424,3299,1526
eth26.xml,MOT,CHI,0.36514866191798256,0.33777503582022944,1934,578
eth26.xml,MOT,OPE,NA,NA,4,9
eth26.xml,MOT,TOY,0.3552558844050441,0.28246247216835446,160,156
eth26.xml,TOY,CHI,0.39306929181929184,0.3013888888888889,72,17
eth26.xml,CHI,MOT,0.42860455677793136,0.3445551845046996,776,2077
eth26.xml,TOY,MOT,0.3925050875050875,0.34099804800462696,168,141
eth26.xml,CHI,TOY,0.7708333333333334,0.5358974358974359,13,13
eth27.xml,CHI,MOT,0.41495632530700394,0.3778719867683739,810,2727
eth28.xml,MOT,CHI,0.32824068280724633,0.4979220879673367,1321,302
eth28.xml,OPE,MOT,NA,NA,1,2
eth28.xml,CHI,MOT,0.3655296092796092,0.3360746932464384,962,2448
eth28.xml,OPE,CHI,NA,NA,3,1
eth28.xml,MOT,OPE,0.5277777777777778,0.5,17,18
eth28.xml,CHI,OPE,0.08333333333333333,0.1,5,8
eth29.xml,MOT,CHI,0.39219935313131643,0.14934700375876847,1327,348
eth29.xml,OPE,MOT,1.0,0.6,4,9
eth29.xml,CHI,MOT,0.3914141414141414,0.25597943722943717,51,139
eth30.xml,MOT,CHI,0.32735657800673335,0.3471168537345008,3528,1138
eth31.xml,MOT,CHI,0.3758208634190853,0.3387593452444951,3368,1610
eth32.xml,CHI,MOT,0.40781087104616515,0.38226595204530983,771,2041
eth33.xml,MOT,CHI,0.3318015310330407,0.3485907159211409,3675,1172
eth34.xml,CHI,MOT,0.30546241442381145,0.30487816382797717,1065,3740
eth34.xml,OPE,CHI,NA,0.08333333333333333,1,2
eth34.xml,OPE,MOT,0.08333333333333333,0.47222222222222215,8,17
eth35.xml,MOT,OPE,0.11363636363636365,NA,17,2
eth35.xml,MOT,CHI,0.3081324024342066,0.4514783691254279,1425,643
eth35.xml,MOT,TO1,0.2980392156862745,0.047619047619047616,62,43
eth35.xml,TO1,MOT,0.047619047619047616,0.08333333333333333,3,2
eth35.xml,CHI,MOT,0.4040137948471281,0.3982212168888135,938,2338
eth35.xml,TO2,MOT,0.07692307692307693,0.08333333333333333,16,8
eth35.xml,TO2,CHI,0.47222222222222215,0.4444444444444444,34,26
eth35.xml,MOT,TO2,0.23705738705738705,0.3153846153846154,68,41
eth35.xml,CHI,TO2,0.125,NA,5,1
eth36.xml,MOT,CHI,0.34407344501485754,0.30474055490553775,3779,1311
eth37.xml,MOT,CHI,0.32668865718813056,0.34100203445791677,1965,601
eth37.xml,MOT,TOY,NA,0.5416666666666666,15,13
eth37.xml,CHI,MOT,0.39080416782097444,0.3775517285201649,819,2090
eth38.xml,MOT,CHI,0.3903454545726076,0.5003191579662168,4479,1388
eth39.xml,MOT,OPE,0.07516339869281045,NA,41,2
eth39.xml,MOT,CHI,0.35857822185699395,0.4845100336171764,4770,954
eth40.xml,MOT,CHI,0.3631902262543238,0.2657126242833962,3383,1601
eth40.xml,OPE,MOT,NA,0.5,3,17
eth40.xml,CHI,MOT,0.46916666666666673,0.5671889838556505,40,61
eth41.xml,MOT,CHI,0.3737545712642992,0.36842057149355983,3760,1087
eth42.xml,CHI,MOT,NA,NA,2,9
eth42.xml,OPE,MOT,NA,0.5416666666666666,1,3
eth42.xml,OPE,CHI,NA,0.08333333333333333,1,8
eth42.xml,MOT,CHI,0.3510367468765306,0.2823107808227778,3973,1358
eth43.xml,MOT,CHI,0.3259496286036133,0.35677530168731086,4054,1426
eth44.xml,MOT,CHI,0.3725495195855454,0.3156610611518561,3752,1477
eth45.xml,MOT,CHI,0.3415730234842672,0.34953027301193845,4464,2258
eth46.xml,CHI,MOT,0.28948523526696895,0.34193029085128523,1864,3910
eth46.xml,FAT,MOT,NA,NA,2,1
eth46.xml,FAT,CHI,NA,NA,6,1
eth46.xml,MOT,CHI,1.0,0.0625,9,8
eth47.xml,CHI,MOT,0.33346049174534637,0.3462764364690203,1655,3774
eth47.xml,CHI,OPE,NA,NA,1,4
eth47.xml,MOT,CHI,0.41306520567697946,0.31714442355889727,434,211
eth47.xml,TO1,MOT,1.0,0.5277777777777778,15,18
eth47.xml,TO2,CHI,NA,0.08333333333333333,1,4
eth47.xml,TO2,MOT,NA,0.2704876822523881,1,33
eth47.xml,TO3,MOT,NA,0.06798245614035087,2,20
eth48.xml,MOT,CHI,0.34794564472459427,0.3318873473167833,3573,2378
eth49.xml,MOT,CHI,0.3502130999536409,0.3710673745413001,3844,1932
eth50.xml,MOT,CHI,0.35538935246645126,0.3631362291675759,4243,1668
lil01.xml,MOT,CHI,0.2711326104053707,NA,3819,167
lil02.xml,MOT,CHI,0.31869976659110005,NA,2489,204
lil02.xml,MOT,TOY,0.4856630025747672,0.75,185,24
lil02.xml,TOY,MOT,0.30747354497354507,0.3661087369420703,51,51
lil02.xml,CHI,MOT,0.11904761904761904,0.3286771940657532,158,1603
lil03.xml,MOT,CHI,0.30471576662533406,NA,3231,288
lil03.xml,MOT,TOY,0.4231579939668175,0.4060842518825712,90,95
lil03.xml,CHI,TOY,NA,1.0,2,11
lil04.xml,CHI,MOT,0.08333333333333333,0.28324927681627293,213,4026
lil04.xml,TOY,MOT,0.6384078884078884,0.28420417001299353,118,226
lil04.xml,CHI,TOY,NA,NA,2,6
lil04.xml,MOT,TOY,1.0,NA,6,2
lil05.xml,MOT,CHI,0.30135267248154524,0.07692307692307693,2154,300
lil05.xml,MOT,OPE,0.4711451247165532,0.5470238095238096,267,81
lil05.xml,CHI,MOT,NA,0.3375892981075815,311,1670
lil05.xml,OPE,MOT,0.3416666666666666,0.4013245469127822,82,194
lil05.xml,CHI,OPE,NA,0.5416666666666666,9,23
lil05.xml,OPE,CHI,0.3833333333333333,NA,33,15
lil05.xml,TOY,OPE,NA,NA,4,1
lil05.xml,TOY,MOT,0.5490196078431373,0.3693581233581233,55,78
lil05.xml,MOT,TOY,0.5405071119356833,0.5454545454545454,135,92
lil05.xml,OPE,TOY,NA,NA,10,6
lil05.xml,TOY,CHI,NA,NA,4,1
lil05.xml,CHI,TOY,NA,NA,1,2
lil06.xml,OPE,MOT,0.34024071166928305,0.22268963675213677,91,178
lil06.xml,CHI,MOT,0.08333333333333333,0.3841787332774051,397,1457
lil06.xml,OPE,CHI,0.07692307692307693,NA,18,6
lil06.xml,MOT,CHI,0.30170531621601787,NA,1734,299
lil06.xml,MOT,OPE,0.40525467331022896,0.3055555555555556,333,64
lil06.xml,CHI,OPE,NA,0.07242063492063493,62,21
lil06.xml,TOY,MOT,0.5454545454545454,0.6712337662337663,28,53
lil06.xml,TOY,OPE,NA,NA,5,2
lil06.xml,MOT,TOY,0.4637299043549044,NA,83,7
lil06.xml,CHI,TOY,NA,NA,7,2
lil06.xml,TOY,CHI,NA,NA,1,3
lil07.xml,MOT,CHI,0.3139266006293862,0.08333333333333333,4358,1031
lil08.xml,MOT,CHI,0.32307627074054673,0.08333333333333333,4034,596
lil09.xml,MOT,CHI,0.2977449960897386,0.06944444444444445,3836,568
lil10.xml,MOT,CHI,0.3053296969034169,0.08333333333333333,4155,696
lil10.xml,MOT,TOY,0.1111111111111111,0.3114177489177489,9,24
lil11.xml,MOT,CHI,0.28527295611698944,0.12774122807017543,4481,692
lil11.xml,MOT,ENV,NA,NA,2,1
lil11.xml,OPE,CHI,0.058823529411764705,NA,6,1
lil12.xml,CHI,MOT,0.38,0.3093809356657658,912,3969
lil12.xml,ENV,MOT,NA,0.09999999999999999,1,38
lil12.xml,ENV,CHI,NA,NA,1,1
lil12.xml,MOT,CHI,0.5731123737373738,NA,200,51
lil12.xml,MOT,ENV,1.0,NA,4,1
lil13.xml,MOT,CHI,0.3251672079347253,0.296859201404656,5293,878
lil14.xml,MOT,CHI,0.3137135085619803,0.1527777777777778,3764,549
lil14.xml,MOT,OPE,0.33569557807173905,0.22955659536541892,274,94
lil14.xml,CHI,OPE,0.08333333333333333,NA,9,7
lil14.xml,OPE,CHI,0.5416666666666666,NA,13,8
lil14.xml,OPE,MOT,0.4115133232780292,0.35268756733462614,42,328
lil14.xml,CHI,MOT,0.0625,0.2987689283468584,266,1712
lil14.xml,MOT,TOY,0.6266666666666667,0.37777777777777777,37,28
lil15.xml,MOT,OPE,0.40021706688373354,0.25871794871794873,249,61
lil15.xml,MOT,CHI,0.2715344651578038,0.21856060606060607,4911,887
lil15.xml,OPE,MOT,1.0,0.4393988364576599,46,178
lil15.xml,CHI,MOT,0.08333333333333333,0.3224009473050393,84,445
lil15.xml,CHI,OPE,0.08333333333333333,1.0,5,5
lil15.xml,OPE,CHI,0.09166666666666667,0.10555555555555556,11,8
lil16.xml,FAT,CHI,0.4047105504069171,0.08333333333333333,286,66
lil16.xml,MOT,FAT,0.3426951253874331,0.28037868993751347,239,172
lil16.xml,CHI,MOT,0.2982142857142857,0.4459909744276751,289,905
lil16.xml,FAT,MOT,0.3191514325028257,0.4403951817413355,158,132
lil16.xml,CHI,FAT,0.08333333333333333,0.4019230769230769,39,142
lil16.xml,MOT,CHI,0.34927777783607633,0.10112433862433862,1746,493
lil16.xml,MOT,OPE,0.3044573048479298,0.3677248677248677,320,157
lil16.xml,CHI,OPE,0.08333333333333333,0.5625,18,28
lil16.xml,OPE,MOT,0.4998093681917212,0.3516346153846154,104,147
lil16.xml,OPE,CHI,0.3347222222222222,0.14166666666666666,54,58
lil17.xml,CHI,MOT,0.2963897333923285,0.28626578246315143,1132,3712
lil17.xml,OP1,MOT,0.24243843763074532,0.3082702806056931,157,298
lil17.xml,OP1,CHI,0.6875,0.21666666666666667,55,20
lil17.xml,MOT,OP1,0.2970945463205525,0.2997863247863248,48,82
lil17.xml,CHI,OP1,NA,1.0,6,11
lil17.xml,MOT,CHI,0.383242924895174,NA,168,23
lil17.xml,MOT,ENV,1.0,NA,4,1
lil18.xml,MOT,CHI,0.2998177144536837,0.3395503157403312,4080,807
lil18.xml,MOT,OPE,0.5408656672545561,0.45689386865857456,217,158
lil18.xml,CHI,OPE,NA,0.7153846153846154,8,29
lil18.xml,OPE,MOT,0.40231729055258464,0.3660433897424848,214,231
lil18.xml,CHI,MOT,0.30257936507936506,0.29257647519810265,89,358
lil18.xml,OPE,CHI,0.7777777777777777,NA,84,19
lil18.xml,ENV,CHI,NA,NA,1,1
lil19.xml,CHI,MOT,0.4091269841269842,0.2725533114684057,280,1071
lil19.xml,FAT,MOT,0.3273809523809524,0.251397819586674,80,161
lil19.xml,CHI,FAT,0.07008547008547007,0.525,16,16
lil19.xml,MOT,CHI,0.286808117207892,0.20173275118128056,2685,555
lil19.xml,MOT,FAT,0.4305194805194805,0.08846153846153847,74,18
lil19.xml,FAT,CHI,NA,0.08333333333333333,12,7
lil19.xml,OPE,CHI,0.5415811965811965,0.06296296296296296,104,40
lil19.xml,CHI,OPE,0.061710858585858584,0.09722222222222221,27,40
lil19.xml,OPE,MOT,0.38569858316133465,0.39416399572649574,308,307
lil19.xml,MOT,OPE,0.3851655977804874,0.48750887435842183,364,343
lil19.xml,TOY,MOT,NA,0.14166666666666666,4,7
lil20.xml,CHI,MOT,0.23390308652143266,0.3709570079363445,793,3223
lil20.xml,OPE,MOT,0.18746756715506716,0.6188374039309867,121,376
lil20.xml,OPE,CHI,0.6666666666666666,0.5364583333333334,34,33
lil20.xml,MOT,OPE,0.5211228354978354,0.6226851851851852,426,164
lil20.xml,MOT,CHI,0.3930207132195919,0.0898148148148148,1608,382
lil20.xml,CHI,OPE,0.08712121212121213,0.47916666666666663,20,40
lil21.xml,CHI,MOT,0.35926918104519906,0.39548420424937214,483,1896
lil21.xml,OPE,MOT,0.5494444444444444,0.35727972468976965,194,298
lil21.xml,OPE,CHI,0.763888888888889,0.29538690476190477,76,63
lil21.xml,MOT,CHI,0.36432208407499045,0.24532120178671898,2360,687
lil21.xml,MOT,OPE,0.39552472137998457,0.3671366512275603,614,226
lil21.xml,CHI,OPE,0.35119047619047616,0.44338235294117645,67,102
lil22.xml,MOT,OPE,0.3606570512820513,0.2710714285714285,125,74
lil22.xml,CHI,OPE,0.3833333333333333,0.53125,13,32
lil22.xml,MOT,CHI,0.324456856578351,0.315125421483553,1569,372
lil22.xml,OPE,MOT,0.38578431372549016,0.4060897435897436,76,140
lil22.xml,CHI,MOT,0.2862379688666453,0.3680643001428135,670,2621
lil22.xml,OPE,CHI,0.6875,0.2975980392156863,53,29
lil22.xml,FAT,MOT,0.5155844155844155,0.34201468086556996,174,498
lil22.xml,CHI,FAT,0.2777777777777778,0.5785714285714286,62,88
lil22.xml,FAT,OPE,1.0,0.25888888888888884,19,57
lil22.xml,FAT,CHI,0.4871031746031746,0.10535714285714284,111,81
lil22.xml,MOT,FAT,0.4556068746770833,0.4026375534188035,302,202
lil22.xml,OPE,FAT,0.3833333333333333,0.07142857142857142,30,23
lil23.xml,MOT,CHI,0.32332343883100423,0.24230303819907098,2977,725
lil23.xml,MOT,OPE,0.39948018022998666,0.08333333333333333,438,32
lil23.xml,CHI,OPE,0.047619047619047616,0.29836309523809523,36,20
lil23.xml,CHI,MOT,0.23391233766233763,0.34229733894067293,257,1881
lil23.xml,OPE,CHI,1.0,NA,14,4
lil23.xml,OPE,MOT,0.44080687830687837,0.446107285010658,90,509
lil24.xml,CHI,MOT,0.2779651045205691,0.28067440560199924,786,3291
lil24.xml,OPE,MOT,0.40535714285714286,0.3281626650122126,101,292
lil24.xml,OPE,CHI,0.6499999999999999,0.11507936507936507,39,49
lil24.xml,MOT,CHI,0.3499544236742556,0.4662427849927849,1345,458
lil24.xml,MOT,OPE,0.4847672803095596,0.5072242572242573,172,107
lil24.xml,CHI,OPE,0.10267857142857142,0.4585714285714285,18,36
lil24.xml,AD1,MOT,NA,1.0,1,3
lil25.xml,CHI,OPE,0.6,0.40873015873015867,43,36
lil25.xml,MOT,CHI,0.3786949233262312,0.3571918767507003,1667,402
lil25.xml,MOT,OPE,0.40638849094731444,0.34805972894208187,438,110
lil25.xml,OPE,MOT,0.7371794871794871,0.40972898649969475,65,423
lil25.xml,CHI,MOT,0.35209805970455055,0.35328220586204506,490,3908
lil25.xml,OPE,CHI,NA,NA,11,7
lil26.xml,MOT,CHI,0.32234120188377163,0.35784624066857157,1415,487
lil26.xml,OPE,MOT,0.5458333333333334,0.39834201586867557,81,315
lil26.xml,CHI,MOT,0.30372466265705594,0.2846576779715949,803,3214
lil26.xml,CHI,OPE,0.25580357142857146,0.255,117,88
lil26.xml,OPE,CHI,0.49068627450980395,0.3047699849170437,79,68
lil26.xml,MOT,OPE,0.4714306599832915,0.44666666666666677,292,97
lil27.xml,MOT,OPE,0.4552553258145363,0.640625,340,96
lil27.xml,MOT,CHI,0.27880572472005666,0.31768349744510727,3297,924
lil27.xml,CHI,MOT,0.2514263088276246,0.29907815944529575,271,1769
lil27.xml,ENV,CHI,NA,NA,1,2
lil27.xml,MOT,ENV,0.4844717374129138,NA,30,3
lil27.xml,CHI,OPE,0.06666666666666667,0.07916666666666666,16,27
lil27.xml,OPE,CHI,0.5416666666666666,0.125,45,26
lil27.xml,OPE,MOT,1.0,0.07692307692307693,17,32
lil27.xml,MOT,FAT,NA,1.0,2,6
lil27.xml,FRI,MOT,1.0,0.08333333333333333,5,9
lil27.xml,CHI,FRI,NA,0.15555555555555556,6,6
lil27.xml,FRI,CHI,NA,NA,1,2
lil28.xml,CHI,MOT,0.3425707462472168,0.38428983551962603,644,2157
lil28.xml,OPE,MOT,0.50503663003663,0.36815082745013544,73,232
lil28.xml,OPE,CHI,0.5357142857142857,NA,18,18
lil28.xml,MOT,CHI,0.2963229390439264,0.5193754600662495,1896,349
lil28.xml,CHI,OPE,1.0,0.4584001068376069,42,53
lil28.xml,MOT,OPE,0.39193959635136105,0.08333333333333333,182,50
lil29.xml,MOT,CHI,0.31036130539528284,0.5788742348791369,1952,493
lil29.xml,MOT,OPE,0.2820456672371466,0.4552808302808303,233,111
lil29.xml,CHI,OPE,0.5416666666666666,0.3888888888888889,25,59
lil29.xml,CHI,MOT,0.1886904761904762,0.29981206378624065,423,1875
lil29.xml,OPE,CHI,0.06936331212647003,0.05277777777777778,77,35
lil29.xml,OPE,MOT,0.05756578947368421,0.44335317460317464,22,64
lil30.xml,MOT,CHI,0.3179429309090731,0.4513898956740978,5114,1462
lil31.xml,MOT,CHI,0.3500939456683138,0.29161010576746205,2074,616
lil31.xml,MOT,OPE,0.3688760857878504,0.386391223155929,317,80
lil31.xml,OPE,CHI,0.17662820113800506,0.2275721963221963,85,45
lil31.xml,CHI,MOT,0.2772265112338641,0.3380803519402054,393,1429
lil31.xml,OPE,MOT,0.532125350140056,0.45412750626566417,118,209
lil31.xml,CHI,OPE,1.0,0.16666666666666666,18,10
lil32.xml,MOT,CHI,0.28274285984155334,0.26889504887956894,6879,1187
lil32.xml,MOT,OPE,0.3767195767195766,NA,42,4
lil32.xml,MOT,FAT,1.0,NA,7,3
lil32.xml,FAT,OPE,0.5833333333333334,1.0,5,5
lil33.xml,MOT,CHI,0.39260243858707133,0.3252059977631015,1933,539
lil33.xml,OPE,CHI,NA,0.0625,20,26
lil33.xml,MOT,OPE,0.35274866575418046,0.5410110722610723,125,70
lil33.xml,CHI,MOT,0.3476475407976955,0.3181169674913935,601,1515
lil33.xml,OPE,MOT,0.5,0.4061838230568881,40,150
lil33.xml,CHI,OPE,NA,1.0,35,37
lil34.xml,MOT,OPE,0.5733333333333335,0.2,39,32
lil34.xml,MOT,CHI,0.422600967512511,0.3873236331569665,415,197
lil34.xml,OPE,MOT,0.12037037037037036,0.3716642924976259,44,130
lil34.xml,CHI,MOT,0.3144691139352264,0.3614171773983908,1086,3168
lil34.xml,OPE,CHI,0.6604166666666667,0.15476190476190477,62,53
lil34.xml,TOY,MOT,0.525,0.25217032967032965,14,30
lil34.xml,CHI,OPE,0.06666666666666667,0.1,33,14
lil35.xml,CHI,MOT,0.2837313472212126,0.30468372669001453,1232,4171
lil36.xml,CHI,MOT,0.4068344271469271,0.4050277068220268,607,2582
lil36.xml,OPE,MOT,0.5817307692307692,0.5193941679235797,29,129
lil36.xml,CHI,OPE,NA,0.07142857142857142,15,26
lil36.xml,MOT,CHI,0.3835974117304742,0.2941666666666666,1075,493
lil36.xml,MOT,OPE,0.3484088827838828,0.3082010582010582,220,77
lil36.xml,OPE,CHI,NA,0.5333333333333333,4,12
lil37.xml,CHI,MOT,0.2849623317858611,0.34638306551462755,996,2201
lil37.xml,OPE,CHI,0.08333333333333333,0.0644078144078144,29,77
lil37.xml,MOT,OPE,0.49910240449456134,0.5416666666666666,303,45
lil37.xml,MOT,CHI,0.3849985536172512,0.3489127865598453,1704,538
lil37.xml,CHI,OPE,0.06666666666666667,0.2708333333333333,52,41
lil37.xml,OPE,MOT,0.3988095238095238,0.5401234567901234,90,107
lil38.xml,MOT,OPE,0.6096464646464647,NA,77,1
lil38.xml,MOT,CHI,0.3200255276923861,0.26804072215819325,4430,1231
lil39.xml,MOT,CHI,0.35289711852309513,0.23088152860211672,3357,817
lil39.xml,MOT,OPE,0.6092425006392617,0.3833333333333333,289,39
lil39.xml,CHI,MOT,0.3082056781045751,0.31238359651491937,683,2567
lil39.xml,OPE,MOT,0.5416666666666666,0.34426090576090573,70,199
lil39.xml,CHI,OPE,0.3763888888888889,0.255,66,40
lil39.xml,OPE,CHI,0.09126984126984126,0.0653968253968254,29,60
lil40.xml,MOT,OPE,0.44405165912518857,NA,110,33
lil40.xml,MOT,CHI,0.35245218611758117,0.3415485846481321,2671,881
lil40.xml,OPE,MOT,0.0625,0.5625,27,35
lil40.xml,CHI,MOT,0.22341269841269842,0.48058910044204156,278,483
lil40.xml,CHI,OPE,0.30339635854341734,0.6262445887445888,59,155
lil40.xml,OPE,VIS,NA,NA,1,10
lil40.xml,VIS,OPE,NA,NA,3,4
lil40.xml,CHI,VIS,NA,0.29166666666666663,15,27
lil40.xml,MOT,VIS,0.34375,0.5416666666666666,8,24
lil40.xml,VIS,CHI,0.5416666666666666,0.07361111111111111,23,37
lil40.xml,OPE,CHI,NA,0.06623931623931624,2,12
lil40.xml,VIS,MOT,1.0,1.0,10,9
lil42.xml,MOT,CHI,0.3698860129767364,0.2970388786879001,3340,1555
lil43.xml,OPE,CHI,1.0,NA,10,14
lil43.xml,FAT,CHI,0.4682553303548726,0.3164124909222948,310,198
lil43.xml,FAT,OPE,NA,NA,2,4
lil43.xml,OPE,FAT,NA,NA,3,2
lil43.xml,ENV,FAT,0.2715750915750915,0.2647805788982259,135,66
lil43.xml,CHI,ENV,0.08333333333333333,0.2629434208722134,32,146
lil43.xml,FAT,ENV,0.08012820512820512,0.36893886028501416,27,68
lil43.xml,CHI,FAT,0.3224867724867725,0.3785766657090186,325,466
lil43.xml,ENV,CHI,0.2659580498866213,0.5416666666666666,63,21
lil43.xml,CHI,MOT,0.32292708750166726,0.3817173532883571,511,1082
lil43.xml,FAT,MOT,1.0,0.625,8,19
lil43.xml,MOT,CHI,0.37555228121694845,0.20504535147392292,770,270
lil43.xml,MOT,OPE,0.31308760683760684,0.5625,53,41
lil43.xml,OPE,ENV,0.2,NA,3,7
lil43.xml,MOT,ENV,0.25317460317460316,0.5454545454545454,34,10
lil43.xml,CHI,OPE,0.1,0.125,10,6
lil44.xml,MOT,CHI,0.29521628757876106,0.2856053480351297,5837,1523
lil45.xml,CHI,MOT,0.49002886002886,0.42921506047745317,522,1587
lil45.xml,OPE,CHI,0.1119047619047619,0.14166666666666666,54,34
lil45.xml,MOT,OPE,0.6910088821853527,0.48151515151515156,49,39
lil45.xml,MOT,CHI,0.3565210991715937,0.30866276889668703,2686,897
lil45.xml,CHI,OPE,0.3914141414141414,0.5333333333333333,42,81
lil45.xml,OPE,MOT,0.2,0.12638888888888888,17,34
lil46.xml,CHI,MOT,0.350726806962101,0.4068150170549555,921,1685
lil46.xml,CHI,OPE,NA,0.075,3,8
lil46.xml,OPE,MOT,0.08333333333333333,0.08333333333333333,19,23
lil46.xml,OPE,CHI,0.0625,NA,32,12
lil46.xml,MOT,OPE,0.2889084599610915,0.5833333333333334,180,17
lil46.xml,MOT,CHI,0.29471811269148057,0.4003343382807668,3698,717
lil47.xml,CHI,MOT,0.3019134374397532,0.30188876004333787,854,2053
lil47.xml,CHI,OPE,0.08333333333333333,NA,8,4
lil47.xml,MOT,CHI,0.3659693701248063,0.4219374869061197,1299,441
lil47.xml,OPE,CHI,0.06666666666666667,0.08333333333333333,29,39
lil47.xml,MOT,OPE,0.06477732793522267,NA,14,2
lil47.xml,OPE,MOT,NA,0.4458333333333334,19,42
lil47.xml,MOT,UNI,NA,0.09166666666666667,9,19
lil47.xml,UNI,CHI,NA,NA,5,1
lil47.xml,UNI,MOT,0.08333333333333333,0.16666666666666666,3,6
lil47.xml,VIS,MOT,0.55,0.4290664678224488,70,104
lil47.xml,VIS,CHI,0.06666666666666667,NA,13,7
lil47.xml,MOT,VIS,1.0,0.08333333333333333,9,16
lil48.xml,CHI,MOT,0.31246056231350344,0.3086296153433108,634,1885
lil49a.xml,MOT,CHI,0.30138495188944947,0.35578688717143603,6670,1299
lil49a.xml,OPE,MOT,NA,NA,1,4
lil49a.xml,CHI,MOT,0.15575396825396826,0.7104166666666667,28,53
lil49a.xml,UNI,CHI,NA,NA,1,5
lil49a.xml,MOT,OPE,0.5,NA,10,1
lil49a.xml,MOT,UNI,0.225,NA,14,1
lil49b.xml,CHI,MOT,0.38011489109464863,0.3197271751203136,1959,1484
lil49b.xml,OPE,MOT,0.125,0.6944444444444443,14,27
lil49b.xml,CHI,OPE,NA,0.08333333333333333,14,5
lil49b.xml,OPE,CHI,NA,0.0625,6,19
lil49b.xml,MOT,CHI,0.3943136367192434,0.32121567158331854,1546,961
lil49b.xml,MOT,OPE,NA,NA,17,1
lil50.xml,MOT,OPE,0.45694444444444443,0.5416666666666666,163,48
lil50.xml,CHI,MOT,0.3308293111294861,0.3541316975007974,558,1723
lil50.xml,CHI,OPE,0.2702380952380952,0.5714285714285714,50,19
lil50.xml,OPE,CHI,NA,0.5416666666666666,16,38
lil50.xml,MOT,CHI,0.36339807059489515,0.34476722108301056,2883,622
lil50.xml,OPE,MOT,0.37724673202614384,0.2342857142857143,44,132
lil51.xml,MOT,CHI,0.3631712981886244,0.3510694363829038,1852,753
lil51.xml,MOT,OPE,0.8333333333333334,NA,38,9
lil51.xml,CHI,MOT,0.3267848817848817,0.3532947475212221,708,2230
lil52.xml,MOT,CHI,0.32497873065633553,0.3296413477671771,4150,1012
lil52.xml,OPE,MOT,0.0949074074074074,0.46339285714285716,34,137
lil52.xml,OPE,CHI,0.28428571428571425,0.08333333333333333,52,51
lil52.xml,MOT,OPE,0.19112554112554112,0.10873015873015873,90,61
lil52.xml,CHI,MOT,0.2677431827431827,0.38864914300538206,440,1138
lil52.xml,CHI,OPE,0.07291666666666666,0.06712962962962962,27,34
lil53.xml,MOT,CHI,0.2820429951442905,0.3164020331195394,5474,1101
lil54.xml,MOT,CHI,0.38266936234154425,0.3495228080054116,2699,1278
lil54.xml,OPE,CHI,0.41018217893217895,0.4338896669779022,157,180
lil54.xml,OPE,MOT,1.0,0.5544444444444444,16,65
lil54.xml,CHI,MOT,0.3938522254380835,0.4654506866065174,530,1104
lil54.xml,MOT,OPE,0.48165445665445666,0.08333333333333333,233,33
lil54.xml,CHI,OPE,0.07875457875457875,0.07738095238095238,56,35
lil55.xml,CHI,MOT,0.3874788067266254,0.36923148475269946,844,2065
lil55.xml,OPE,CHI,0.06970420646891234,0.16666666666666666,69,50
lil55.xml,MOT,OPE,0.4903965953368527,0.3118799603174603,351,86
lil55.xml,MOT,CHI,0.4025708695816131,0.3744787281656742,2059,663
lil55.xml,OPE,MOT,0.6944444444444443,0.5317496229260935,31,132
lil55.xml,CHI,OPE,0.058823529411764705,0.2895424836601307,23,36
lil56.xml,MOT,CHI,0.3588186813186813,0.34034455128205127,138,123
lil56.xml,MOT,OPE,0.07425213675213675,0.08333333333333333,5,3
lil56.xml,CHI,MOT,0.3761347949789947,0.3751416319515702,2237,3957
lil56.xml,OPE,MOT,1.0,NA,5,14
lil56.xml,TOY,CHI,0.06666666666666667,0.06666666666666667,2,4
lil57.xml,MOT,CHI,0.4200430226409497,0.4474153297682709,955,242
lil57.xml,OPE,CHI,0.5416666666666666,NA,17,3
lil57.xml,MOT,OPE,NA,NA,1,2
lil57.xml,CHI,MOT,0.28389340288112946,0.3121534075259728,1001,4848
lil57.xml,OPE,MOT,NA,0.4476190476190476,4,12
lil58.xml,CHI,MOT,0.3872703012063066,0.29728444582614144,1162,4112
lil59.xml,MOT,CHI,0.28556063172110835,0.21952240271805487,5929,766
lil60.xml,MOT,CHI,0.3295959033825059,0.3044730247774623,4784,1228
lil60.xml,MOT,OPE,0.6166666666666667,0.53125,105,62
lil60.xml,CHI,MOT,1.0,0.5350056689342404,59,75
lil60.xml,OPE,CHI,0.10966810966810965,0.09841269841269841,57,73
lil60.xml,CHI,OPE,0.08333333333333333,0.13333333333333333,20,23
lil60.xml,OPE,MOT,NA,NA,8,2
lil61.xml,MOT,CHI,0.2949706781407377,0.337933034519169,4218,1407
lil61.xml,MOT,OPE,0.37400793650793646,0.6766666666666665,74,43
lil61.xml,CHI,MOT,0.293030940446354,0.43456721154089567,316,441
lil61.xml,CHI,OPE,0.6242647058823529,0.525,66,60
lil61.xml,OPE,CHI,0.45337301587301587,1.0,53,34
lil61.xml,OPE,MOT,0.5625,0.5625,40,31
lil62.xml,MOT,CHI,0.33629632664427467,0.34699821746880566,2407,705
lil62.xml,MOT,ENV,0.5267198946886447,0.27453951277480687,162,138
lil62.xml,CHI,ENV,NA,0.3957716196846633,9,43
lil62.xml,CHI,MOT,0.31314102564102575,0.3293630343875442,261,1006
lil62.xml,ENV,CHI,0.07291666666666666,0.5416666666666666,20,18
lil62.xml,ENV,MOT,0.6491285403050109,0.5357142857142857,75,58
lil63.xml,MOT,CHI,0.3910134623270204,0.271029506760378,2428,739
lil63.xml,OPE,CHI,0.06274509803921569,0.30416666666666664,18,27
lil63.xml,OPE,MOT,0.06666666666666667,NA,3,5
lil63.xml,CHI,MOT,0.3651386256502355,0.3810071845441328,1090,2175
lil63.xml,CHI,OPE,NA,NA,3,5
lil63.xml,MOT,OPE,NA,NA,13,3
lil64.xml,CHI,MOT,0.34135543106131344,0.4765954912296375,353,491
lil64.xml,OPE,CHI,NA,0.06960784313725489,19,33
lil64.xml,MOT,OPE,0.2683333333333333,0.06979166666666667,61,39
lil64.xml,CHI,OPE,NA,0.08333333333333333,8,9
lil64.xml,MOT,CHI,0.35274599801258705,0.28246584688400533,3815,1783
lil64.xml,OPE,MOT,0.5416666666666666,NA,4,8
lil65.xml,CHI,MOT,0.40972222222222227,0.375,58,76
lil65.xml,OPE,MOT,1.0,0.37543859649122807,15,36
lil65.xml,CHI,OPE,NA,NA,13,4
lil65.xml,OPE,CHI,NA,NA,8,1
lil65.xml,CHI,TOY,NA,0.06084656084656084,3,11
lil65.xml,MOT,CHI,0.30751390437601883,0.3358192065590948,4330,1676
lil65.xml,MOT,TOY,0.5647058823529412,0.05555555555555555,23,12
lil65.xml,TOY,MOT,NA,NA,4,1
lil66.xml,CHI,MOT,0.45508177752759793,0.29772901862836,470,1276
lil66.xml,CHI,OPE,NA,0.3819444444444444,18,38
lil66.xml,MOT,CHI,0.2992613881744366,0.4056095290572415,3290,908
lil66.xml,OPE,CHI,0.3136904761904762,0.09166666666666667,42,24
lil66.xml,OPE,MOT,NA,0.08333333333333333,14,14
lil66.xml,MOT,OPE,0.06666666666666667,0.05263157894736842,40,9
lil66.xml,NON,OPE,0.07738095238095238,NA,12,1
lil66.xml,NON,MOT,0.30451388888888886,NA,13,8
lil66.xml,OPE,NON,0.5416666666666666,NA,7,9
lil67.xml,CHI,MOT,0.5,0.47669179134204287,32,141
lil67.xml,CHI,OPE,0.5263157894736842,0.08255530129672005,39,32
lil67.xml,MOT,CHI,0.31884195247484737,0.29333481544300927,3897,1880
lil67.xml,MOT,OPE,0.224486161986162,NA,75,6
lil67.xml,OPE,MOT,NA,1.0,1,31
lil67.xml,OPE,CHI,NA,NA,1,4
lil68.xml,MOT,CHI,0.3560571700701868,0.38218091229600176,2445,814
lil68.xml,OPE,CHI,0.5208333333333334,0.53125,18,22
lil68.xml,OPE,MOT,0.08333333333333333,1.0,5,3
lil68.xml,CHI,OPE,NA,NA,3,5
lil68.xml,CHI,MOT,0.4202666046655817,0.476909324335795,368,672
lil68.xml,MOT,OPE,0.275,NA,10,3
lil69.xml,MOT,CHI,0.3412519744886553,0.35134950663443315,3702,1436
lil69.xml,MOT,OPE,0.443815987933635,0.42777777777777776,41,24
lil69.xml,OPE,CHI,0.075,0.3833333333333333,16,26
lil69.xml,OPE,MOT,0.53125,0.15000000000000002,7,28
lil69.xml,CHI,MOT,0.2100108225108225,0.4346464646464646,58,98
lil69.xml,CHI,OPE,0.1111111111111111,1.0,6,11
lil70.xml,CHI,MOT,0.4018748519974601,0.33092932154665416,2045,4449
lil70.xml,CHI,OPE,0.5416666666666666,0.5416666666666666,29,8
lil70.xml,MOT,OPE,0.5416666666666666,0.08333333333333333,9,4
lil70.xml,OPE,MOT,1.0,0.07008547008547009,12,26
lil71.xml,MOT,CHI,0.4229960127628267,0.3129903389094565,1522,1003
lil71.xml,MOT,OPE,0.4477824463118581,0.2603415103415104,151,111
lil71.xml,OPE,MOT,0.0765993265993266,0.5867413632119514,34,154
lil71.xml,CHI,MOT,0.3436281148969653,0.3861328331709274,1307,2416
lil71.xml,OPE,CHI,0.29448329448329447,0.33775252525252525,41,49
lil71.xml,MOT,ENV,0.05555555555555555,0.16666666666666666,25,9
lil71.xml,CHI,ENV,0.07142857142857142,0.125,7,7
lil71.xml,OPE,ENV,NA,0.25,1,5
lil71.xml,ENV,MOT,NA,NA,2,5
lil71.xml,ENV,CHI,NA,0.05555555555555555,1,4
lil71.xml,CHI,OPE,0.08333333333333333,0.3680926916221034,17,19
lil72.xml,MOT,CHI,0.3661155864691959,0.2999520696383983,2884,1138
lil72.xml,OPE,MOT,0.3796296296296296,0.5260204081632652,32,116
lil72.xml,CHI,OPE,0.5777777777777777,0.21383312584292977,67,74
lil72.xml,CHI,MOT,0.3210410115601931,0.3809630392062676,562,1199
lil72.xml,OPE,CHI,0.26,NA,68,20
lil72.xml,MOT,OPE,0.44096639127985865,NA,479,44
lil73.xml,CHI,MOT,0.2984871763644142,0.3291537307281478,496,1434
lil73.xml,CHI,OPE,0.3228367392841077,0.5347222222222222,172,64
lil73.xml,OPE,CHI,0.5486111111111112,0.06666666666666667,64,39
lil73.xml,MOT,CHI,0.3857352894142974,0.32244131614053234,1861,1292
lil73.xml,MOT,OPE,0.42978988603988605,0.3362091503267974,133,55
lil73.xml,OPE,MOT,0.5416666666666666,0.7708333333333333,41,41
lil74.xml,MOT,CHI,0.32280033053508006,0.3539516142319148,3877,1573
lil74.xml,OPE,CHI,0.5277777777777778,0.5166666666666667,29,27
lil74.xml,MOT,OPE,NA,NA,7,3
lil76.xml,CHI,FAT,0.3602004781989261,0.39056571178854066,2070,2497
lil76.xml,OPE,CHI,NA,0.14166666666666666,7,14
lil76.xml,MOT,FAT,0.08333333333333333,NA,6,1
lil76.xml,FAT,CHI,1.0,NA,27,3
lil76.xml,FAT,OBS,NA,NA,1,8
lil76.xml,CHI,MOT,NA,0.11458333333333333,4,20
lil76.xml,FAT,MOT,0.08333333333333333,0.3833333333333333,15,56
lil76.xml,MOT,CHI,0.37418572503414144,0.37401653558000303,1108,485
lil77.xml,MOT,OPE,0.3120446682946683,0.6944444444444445,230,110
lil77.xml,CHI,MOT,0.313058936935098,0.4564998705285084,390,388
lil77.xml,OPE,MOT,0.26159401260504206,0.4095982142857143,76,75
lil77.xml,CHI,OPE,0.08333333333333333,0.08333333333333333,13,19
lil77.xml,OPE,CHI,NA,NA,15,1
lil77.xml,MOT,CHI,0.2908426210135633,0.26960004250340397,2033,1808
lil78a.xml,MOT,CHI,0.5578125,0.17534722222222224,68,27
lil78a.xml,MOT,OPE,0.5047222222222223,0.4166666666666667,105,57
lil78a.xml,CHI,OPE,0.061902552856500224,0.6666666666666666,24,20
lil78a.xml,CHI,MOT,0.24870794505727423,0.32683545225343297,1514,5222
lil78a.xml,OPE,MOT,0.2588888888888889,0.7222222222222223,40,39
lil78a.xml,OPE,CHI,0.2563492063492063,0.18068910256410256,37,26
lil78a.xml,CHI,ADU,0.08333333333333333,NA,2,1
lil78a.xml,ADU,MOT,0.38024743230625585,NA,67,1
lil78b.xml,MOT,CHI,0.3664105967540078,0.2917192718812152,4555,1161
lil78b.xml,MOT,OPE,0.5350609313137916,0.4093733647305076,286,83
lil78b.xml,CHI,MOT,0.5006475346548875,0.40007064718018054,159,366
lil78b.xml,OPE,CHI,1.0,0.31145833333333334,21,34
lil78b.xml,CHI,OPE,0.07142857142857142,NA,11,1
lil78b.xml,OPE,MOT,0.05555555555555555,0.3888888888888889,10,24
lil79.xml,CHI,MOT,0.4927951950010773,0.46351248719669774,152,498
lil79.xml,CHI,OPE,0.0625,1.0,20,47
lil79.xml,MOT,OPE,0.3826631786546107,0.43097943722943716,678,338
lil79.xml,MOT,CHI,0.33794039264156406,0.3033619406387263,3864,1922
lil79.xml,OPE,CHI,0.08333333333333333,1.0,6,10
lil79.xml,OPE,MOT,0.6320346320346321,0.3610042735042735,103,145
lil80.xml,MOT,CHI,0.3170438289966716,0.3400045527657756,4801,1195
lil80.xml,MOT,ADU,0.07738095238095238,NA,5,2
lil80.xml,MOT,OPE,0.3913852133815219,0.48657407407407405,279,125
lil80.xml,CHI,OPE,0.08012820512820512,0.31022727272727274,38,44
lil80.xml,OPE,MOT,0.21168315811172952,0.4046561975606092,135,357
lil80.xml,OPE,CHI,0.75,0.1111111111111111,47,74
lil80.xml,CHI,MOT,0.3458543947882183,0.3878046916772406,242,528
lil80.xml,MOT,TOY,0.37749287749287747,0.248285374755963,15,39
lil80.xml,TOY,OPE,0.2867932358128436,0.08333333333333333,27,5
nai01.xml,MOT,CHI,0.35178225056588985,0.6944444444444443,2954,286
nai01.xml,MOT,FAT,0.4377650561244311,0.5109126984126984,352,112
nai01.xml,CHI,MOT,NA,0.2370196875421334,46,155
nai01.xml,FAT,MOT,0.2741466866466867,0.39039786323068054,153,169
nai01.xml,FAT,CHI,0.2907509157509157,0.08333333333333333,96,43
nai01.xml,CHI,FAT,NA,0.5138888888888888,53,161
nai02.xml,MOT,CHI,0.29465933238081415,0.5375,3687,532
nai03.xml,MOT,CHI,0.2826293310244377,0.11089890501655209,2959,257
nai03.xml,FAT,MOT,0.75,0.2567857142857143,14,27
nai03.xml,CHI,MOT,0.068218954248366,0.3531218442861218,99,828
nai03.xml,CHI,FAT,NA,0.17316239316239315,2,14
nai03.xml,MOT,FAT,0.22368551587301586,0.4141850490196078,82,39
nai04.xml,MOT,CHI,0.33888269705971447,0.08435781720095446,1613,308
nai05.xml,MOT,CHI,0.33544953162069835,0.43078327922077925,2263,279
nai06.xml,MOT,CHI,0.4237180085709497,0.5333333333333333,293,43
nai06.xml,FAT,MOT,0.4373732037193576,0.41816020332324666,142,351
nai06.xml,FAT,CHI,0.4444444444444444,0.06666666666666667,25,13
nai06.xml,MOT,FAT,0.4472222222222222,0.09999999999999999,105,69
nai06.xml,CHI,MOT,0.19050653594771244,0.3041318034130711,155,1365
nai07.xml,MOT,CHI,0.3551089246142445,0.30352211786035316,2067,401
nai07.xml,MOT,FAT,0.2824584410611546,0.2651051205738706,410,232
nai07.xml,FAT,MOT,0.2503773514067632,0.4629838485101643,163,140
nai07.xml,CHI,MOT,0.05555555555555555,0.41558441558441556,7,23
nai07.xml,FAT,CHI,0.25424000421499177,0.08748765854029013,508,190
nai07.xml,CHI,FAT,0.14285714285714285,0.153959595959596,11,37
nai08.xml,MOT,CHI,0.309287514158414,0.1489646855552428,3502,752
nai08.xml,MOT,ADU,0.35241228070175434,0.08333333333333333,40,17
nai08.xml,ADU,MOT,0.125,1.0,16,14
nai08.xml,CHI,ADU,NA,NA,1,4
nai09.xml,CHI,MOT,0.24446828391406827,0.29268502205089436,1114,5059
nai09.xml,ADU,MOT,0.08333333333333333,0.5416666666666666,5,7
nai10.xml,MOT,CHI,0.32103248592697836,0.2865135721405071,1469,228
nai10.xml,FAT,CHI,0.16666666666666666,0.14285714285714285,3,5
nai10.xml,MOT,FAT,NA,0.12179487179487179,1,5
nai10.xml,CHI,MOT,0.21687595819912753,0.34411996620726754,1080,3220
nai10.xml,FAT,MOT,0.3819444444444444,0.3561796536796537,36,135
nai10.xml,ENV,FAT,0.2,0.07291666666666666,2,8
nai10.xml,ENV,MOT,0.10315359477124182,0.14285714285714285,17,14
nai11.xml,CHI,MOT,0.21380110620003165,0.29383106176626556,977,3501
nai11.xml,FAT,CHI,0.3754651039497586,0.17978075845722902,638,181
nai11.xml,MOT,FAT,0.4556547619047619,0.4329773576097105,115,242
nai11.xml,CHI,FAT,0.30583566760037345,0.5326344537815124,102,472
nai11.xml,MOT,CHI,0.08333333333333333,0.2777777777777778,36,15
nai11.xml,FAT,MOT,0.33804830790124907,0.3804605887939221,267,133
nai12.xml,MOT,CHI,0.3120824338013736,0.27389437675592104,4484,1218
nai12.xml,MOT,FAT,0.08154761904761904,0.23042929292929293,28,38
nai12.xml,CHI,MOT,1.0,0.0625,12,25
nai12.xml,FAT,MOT,0.5333333333333333,0.2739560439560439,17,34
nai12.xml,CHI,FAT,NA,NA,4,8
nai12.xml,FAT,CHI,NA,NA,3,1
nai13.xml,MOT,CHI,0.34746790507725783,0.1889296764563847,5240,1308
nai13.xml,MOT,AD1,0.5512499999999999,0.63,71,80
nai13.xml,MOT,AD2,0.10590277777777778,0.125,33,13
nai13.xml,AD3,MOT,NA,0.16666666666666666,1,7
nai13.xml,AD2,MOT,1.0,0.07738095238095238,6,18
nai13.xml,AD2,CHI,NA,NA,3,2
nai14.xml,CHI,MOT,0.24463408381179708,0.2954708221115288,1144,4466
nai14.xml,ADU,MOT,NA,NA,1,1
nai14.xml,FAT,MOT,0.36,0.5625,18,41
nai14.xml,FAT,CHI,0.22395833333333331,1.0,21,14
nai14.xml,MOT,CHI,0.31688902647203726,0.07692307692307693,138,30
nai14.xml,MOT,FAT,NA,1.0,1,7
nai15.xml,MOT,CHI,0.38133878046316333,0.2894603672432269,2988,1125
nai15.xml,MOT,FAT,0.6862745098039215,0.08333333333333333,26,28
nai15.xml,CHI,FAT,0.4377830502830502,0.44732725376178517,149,429
nai15.xml,FAT,MOT,1.0,0.11681547619047618,21,53
nai15.xml,CHI,MOT,0.6904761904761904,0.37846320346320345,27,102
nai15.xml,FAT,CHI,0.49949494949494955,0.7166666666666667,223,103
nai16.xml,MOT,CHI,0.3385475735185348,0.18496639436851586,2959,1169
nai16.xml,FAT,MOT,0.37432780927362974,0.39121759815037127,128,191
nai16.xml,FAT,CHI,0.3589640250243965,0.07939054409642644,379,158
nai16.xml,MOT,FAT,0.16057692307692306,0.2884259259259259,75,72
nai16.xml,CHI,MOT,0.06512605042016806,0.38638104814575397,34,78
nai16.xml,CHI,FAT,0.18701267056530213,0.3907956507094436,221,538
nai16.xml,FAT,ADU,NA,NA,4,9
nai17.xml,CHI,MOT,0.31903730824107357,0.3134995332649089,754,3272
nai17.xml,FAT,MOT,NA,0.1,7,14
nai18.xml,CHI,MOT,0.29572095342073146,0.3160364470528312,858,4391
nai18.xml,ADU,MOT,0.6666666666666667,0.75,43,33
nai18.xml,ADU,CHI,1.0,0.06904761904761905,18,10
nai18.xml,MOT,CHI,0.3361049260316671,0.3763606407115534,1786,399
nai18.xml,MOT,ADU,0.4899007936507937,1.0,83,50
nai18.xml,CHI,ADU,0.5384615384615384,1.0,13,11
nai18.xml,MOT,FAT,0.53125,0.6666666666666667,7,13
nai18.xml,FAT,CHI,0.5,NA,9,1
nai18.xml,CHI,FAT,0.058823529411764705,0.07692307692307693,11,17
nai19.xml,CHI,MOT,0.2637528448509907,0.3010951584667616,1424,4569
nai20.xml,MOT,CHI,0.39154745509998523,0.3737280336085482,3176,1156
nai20.xml,MOT,FAT,0.4906454248366013,0.5656454248366013,159,150
nai20.xml,CHI,FAT,0.5277777777777778,0.3316137566137566,37,98
nai20.xml,CHI,MOT,0.07109036796536797,0.503637566137566,50,107
nai20.xml,FAT,MOT,0.40251114081996436,0.4366452991452992,197,148
nai20.xml,FAT,CHI,0.20602119052749304,NA,67,17
nai21.xml,CHI,MOT,0.33151778552656863,0.34008238242677247,1242,3241
nai21.xml,AD1,AD2,NA,NA,2,2
nai21.xml,MOT,AD1,1.0,1.0,5,2
nai21.xml,AD2,MOT,NA,0.5454545454545454,2,11
nai21.xml,AD1,MOT,0.6845238095238096,0.6944444444444443,60,37
nai21.xml,AD2,CHI,NA,NA,2,4
nai21.xml,CHI,AD1,NA,NA,1,1
nai21.xml,MOT,CHI,0.42990242635683107,0.3331065759637189,661,203
nai21.xml,TOY,MOT,0.21446072446072448,0.53125,30,16
nai21.xml,TOY,CHI,0.05131578947368421,NA,7,1
nai22.xml,MOT,CHI,0.3281087177205386,0.30001856006080174,4042,1395
nai22.xml,MOT,FAT,0.3730392156862745,0.12878787878787878,66,24
nai22.xml,FAT,CHI,0.34972222222222216,0.3726851851851852,77,35
nai22.xml,FAT,MOT,0.125,0.5,10,27
nai22.xml,CHI,MOT,0.3464912280701754,0.352016201217329,58,186
nai22.xml,CHI,FAT,1.0,0.75,7,17
nai23.xml,CHI,MOT,0.37390159505097575,0.32950787717418434,1175,4467
nai24.xml,MOT,CHI,0.2689266595598713,0.4000171998624011,1170,395
nai24.xml,MOT,GRA,0.31247472532585413,0.35790358028409497,396,258
nai24.xml,CHI,MOT,0.3188683706055567,0.3315992901618288,646,1856
nai24.xml,GRA,MOT,0.3090364332062624,0.2981794392398107,317,399
nai24.xml,GRA,CHI,0.39103215801717567,0.25080153273430583,392,244
nai24.xml,CHI,GRA,0.21526986827788966,0.32515321280027165,136,273
nai24.xml,FAT,MOT,0.4576058201058201,0.42457746322877893,85,141
nai24.xml,CHI,FAT,0.08333333333333333,0.3221428571428572,31,114
nai24.xml,MOT,FAT,0.6631944444444444,0.44502801120448177,84,118
nai24.xml,GRA,FAT,NA,NA,2,6
nai24.xml,FAT,CHI,0.42083333333333334,0.08333333333333333,53,15
nai24.xml,FAT,GRA,0.5416666666666666,NA,6,2
nai24.xml,ENV,CHI,1.0,NA,22,1
nai25.xml,MOT,CHI,0.2895590314043054,0.2538354984869671,3916,1257
nai26.xml,MOT,CHI,0.3344302344896141,0.2515227301352621,4093,1743
nai27.xml,MOT,CHI,0.317330183433547,0.29293126318618434,4473,1367
nai28.xml,CHI,MOT,0.3305521710171973,0.3012093174805485,2394,4615
nai29.xml,MOT,CHI,0.43723419180797035,0.20242444952922892,767,299
nai29.xml,MOT,ENV,0.5294117647058824,0.18429085534348688,21,111
nai29.xml,CHI,ENV,NA,NA,2,7
nai29.xml,CHI,MOT,0.4024338478706991,0.3456653233841952,875,2165
nai29.xml,GRA,MOT,0.1018939393939394,0.11280366692131398,27,34
nai29.xml,CHI,GRA,0.05,0.06666666666666667,17,36
nai29.xml,MOT,GRA,0.545401966454598,0.45138888888888895,58,58
nai29.xml,GRA,CHI,0.6944444444444443,0.07017125031830915,28,17
nai30.xml,MOT,CHI,0.29521574353717606,0.20058064992479196,2212,962
nai31.xml,MOT,CHI,0.329730428072929,0.32856471338732657,2808,1319
nai31.xml,MOT,FAT,0.4077375429760298,0.2863288095987058,144,151
nai31.xml,CHI,FAT,0.07302664655605832,0.5315705128205127,40,119
nai31.xml,CHI,MOT,0.05,0.05625,10,15
nai31.xml,FAT,CHI,0.3592426197539833,0.24753319597069598,667,249
nai31.xml,FAT,MOT,0.528125,NA,21,3
nai31.xml,TOY,FAT,0.09206349206349207,0.09642857142857142,43,10
nai31.xml,CHI,TOY,0.14285714285714285,0.3976190476190476,4,11
nai31.xml,FAT,TOY,0.6342857142857143,0.09642857142857142,20,22
